gcf_id,count
57228,1061
49265,766
45969,682
42802,654
883,591
9257,534
5194,507
2947,491
17269,443
13856,364
1793,331
6273,304
57668,295
15390,284
13154,257
54555,234
16528,233
15838,233
15178,227
23599,224
14553,215
9752,205
9758,190
14648,189
7944,186
0,186
12435,172
15804,152
10346,152
7156,151
15756,144
4162,141
7917,140
14066,135
23867,135
57572,134
3276,125
8636,124
54059,123
45329,122
6320,115
64377,114
53974,110
118,110
15856,106
14255,106
10397,105
35416,102
5897,99
29746,97
11466,97
3172,96
10000,96
9403,95
35021,94
42717,91
53536,90
55547,88
58541,86
36581,86
32840,86
12331,84
27894,83
775,83
6654,82
57416,81
780,81
54341,80
60461,80
63158,78
8860,77
55512,77
144,77
58859,76
60727,76
12505,75
42485,75
5426,75
44718,74
10239,73
25407,72
46,72
21936,70
53101,70
4772,69
64909,69
43898,69
16189,69
35906,68
11653,68
41877,67
19401,66
10082,66
60053,65
2268,65
523,65
57912,65
5281,65
64475,64
8988,63
3006,63
41992,63
57884,62
64856,62
10429,61
2425,61
6446,61
56059,60
61621,60
19366,60
11700,59
57934,59
12918,59
20010,59
2973,58
63191,58
15373,58
62262,58
49625,57
37753,57
8874,57
60930,56
19393,56
56671,55
49983,54
28133,54
4877,53
17167,53
18583,53
6374,53
60630,53
31680,52
42458,52
58824,52
9126,51
59292,51
24867,50
1429,50
31888,50
58790,50
38550,50
60846,49
50924,49
64027,49
56844,49
56314,49
51502,49
9302,48
5724,48
9788,48
29273,48
58728,47
39421,47
32593,47
55093,47
60231,47
61322,46
35441,46
782,46
5400,46
42604,46
23858,46
11458,45
64683,45
14665,45
9341,45
25022,44
66207,44
63726,44
22710,44
62665,44
63584,44
42549,44
22148,44
60406,44
9907,44
21250,43
46060,43
28285,43
59452,43
60534,42
54909,42
38135,42
59856,41
25463,41
14826,41
1446,41
9369,41
56496,40
49907,40
58959,40
11507,40
25306,40
33147,39
8741,38
45414,38
55385,38
46133,38
59755,38
41884,38
32522,37
11673,37
63749,37
53756,37
16962,37
1536,36
42772,36
46964,36
62607,36
44177,36
44419,36
59909,36
55421,36
58946,35
2456,35
53009,35
65254,35
53490,35
64626,35
49571,35
61993,34
60792,34
29800,34
59073,34
18672,34
8285,34
23522,34
41647,34
16201,34
14131,33
23702,33
64171,33
4713,33
64496,33
56337,33
56381,33
4194,33
1567,33
64636,33
14695,33
41726,32
34937,32
49598,32
11576,32
59527,32
60333,32
41240,31
35998,31
58490,31
10194,31
61775,31
4203,31
61938,31
5538,31
48734,31
40844,31
30713,31
4147,31
42565,31
37278,31
25998,31
33749,30
52287,30
14310,30
1437,30
60810,30
58144,30
3247,30
39461,29
32076,29
1341,29
38130,29
31828,29
53931,29
15958,29
36314,29
6666,29
927,29
61520,29
26053,29
15345,29
24510,29
172,28
19160,28
42519,28
4360,28
44954,28
66042,28
24697,28
31674,28
61870,28
14727,28
9400,28
15238,28
27243,28
59615,28
23630,28
48703,27
62445,27
13682,27
55728,27
59435,27
20253,27
26088,27
57739,27
23272,27
64921,27
7510,27
61874,27
2342,27
64943,27
60243,27
12874,27
36518,27
52254,27
51249,26
20972,26
23843,26
45451,26
9230,26
46617,26
57576,26
8876,26
66298,26
23166,26
57175,26
55013,26
53453,26
61926,26
42015,25
51173,25
59863,25
54920,25
29262,25
54874,25
43982,25
10264,25
37452,25
52449,25
58552,25
1840,25
59584,25
37513,25
60353,25
7971,25
46325,25
59998,24
56561,24
64767,24
21550,24
1521,24
20514,24
60562,24
12576,24
64296,24
55264,24
6252,24
48368,24
53575,24
20503,24
21584,24
59655,24
22431,24
6765,24
62063,24
55848,24
6337,24
41341,24
64196,24
23387,23
63827,23
58376,23
41361,23
63664,23
17919,23
37611,23
49005,23
61526,23
21372,23
57470,23
9089,23
7543,23
24417,23
3321,23
2362,23
53484,23
40188,23
53389,23
27425,23
63544,22
36164,22
62446,22
49260,22
64669,22
10659,22
4783,22
54951,22
60081,22
35278,22
52030,22
5940,22
46693,22
59402,22
65026,22
54071,22
5843,22
29763,22
29071,22
50628,22
19690,22
48494,21
35373,21
28157,21
55316,21
39746,21
53384,21
5712,21
12992,21
40407,21
40950,21
4238,21
27327,21
12591,21
82,21
1418,21
47892,21
55025,21
48063,21
62973,21
32176,21
30,21
22678,21
60886,21
27775,20
62780,20
1483,20
65623,20
61600,20
9322,20
18421,20
6544,20
22904,20
62860,20
15886,20
45261,20
60362,20
25151,20
52907,20
37350,20
22582,20
14533,19
57189,19
55830,19
28150,19
60186,19
62822,19
23503,19
42591,19
63924,19
22565,19
46704,19
14502,19
46583,19
18410,19
64572,19
60933,19
6218,19
38982,19
63550,19
4206,19
62013,19
46781,19
12213,19
18720,18
54269,18
64878,18
17515,18
4184,18
60722,18
58743,18
5367,18
22507,18
56459,18
23149,18
42534,18
49668,18
25021,18
5192,18
15576,18
55035,18
35943,18
48009,18
64142,18
27047,18
20017,18
60210,18
26751,18
16960,17
27543,17
38798,17
37390,17
4558,17
53367,17
5485,17
60206,17
4138,17
35204,17
7973,17
45201,17
23710,17
30338,17
44530,17
36984,17
13333,17
46088,17
63294,17
22450,17
4470,17
22714,17
41941,17
21946,17
31015,17
28025,17
58418,17
64025,17
50705,17
65078,16
36850,16
27538,16
57823,16
49199,16
31491,16
60120,16
38423,16
45914,16
10398,16
28360,16
15784,16
53235,16
5278,16
24257,16
6590,16
59550,16
20417,16
55389,16
50927,16
43706,16
36772,16
44846,16
62376,16
61662,16
63121,16
10583,16
59213,16
14488,16
62939,16
51607,15
61342,15
42059,15
7982,15
53853,15
20304,15
60374,15
54513,15
13287,15
53457,15
8356,15
10369,15
58413,15
55393,15
16176,15
59182,15
28503,15
63229,15
36765,15
6939,15
57610,15
13258,15
44432,15
43514,15
64170,15
2096,15
17968,15
58353,15
20423,15
14424,15
65045,15
19248,15
66271,15
65900,15
8892,15
45478,15
25342,15
49545,15
15171,15
14110,15
59680,15
41933,15
50144,15
48897,15
65237,15
55061,15
21342,15
16818,15
28205,15
27277,15
51776,15
65287,15
31474,15
65946,14
2989,14
23578,14
54821,14
40212,14
38752,14
49808,14
35238,14
42013,14
62641,14
24604,14
38733,14
63443,14
7191,14
60472,14
65990,14
65033,14
47465,14
23045,14
30957,14
24970,14
60224,14
29819,14
33971,14
62380,14
38262,14
23577,14
26824,14
59917,14
10971,14
49554,14
3383,14
66477,14
60377,14
52926,14
21196,14
52255,14
52148,14
176,14
44258,14
65165,14
59982,14
53530,14
16126,14
65509,14
50679,14
55111,14
52065,13
29984,13
20074,13
58324,13
63777,13
28792,13
45849,13
65676,13
25008,13
61722,13
26402,13
63381,13
7239,13
6794,13
45935,13
65945,13
12724,13
18620,13
56328,13
7660,13
14588,13
22574,13
64339,13
164,13
27566,13
57951,13
6508,13
61480,13
18760,13
64837,13
62255,13
65297,13
61389,13
64310,13
62488,13
7590,13
10487,13
66066,13
41904,13
57701,13
33969,13
43871,13
49915,13
45295,13
46691,13
24838,13
16982,13
5713,13
52433,13
26944,13
5068,13
57313,13
61971,13
65716,12
11637,12
4700,12
33906,12
60845,12
32222,12
1120,12
32246,12
50245,12
66309,12
44274,12
62725,12
58840,12
54240,12
9479,12
63143,12
47077,12
5622,12
6705,12
62178,12
54911,12
21020,12
13421,12
2211,12
25791,12
64833,12
61605,12
29920,12
13968,12
36279,12
56521,12
57539,12
3911,12
4282,12
13925,12
47724,12
8873,12
20342,12
62140,12
38047,12
2915,12
52798,12
58778,12
66151,12
63114,12
63685,12
5983,12
49281,12
56075,12
21939,12
63349,12
48405,12
52683,12
65091,12
18899,12
63738,12
59270,12
63829,12
40691,12
30012,12
34663,12
26396,12
66444,12
41754,12
51026,12
23848,12
48587,12
23816,12
60038,12
47257,12
3091,12
316,12
40650,12
59874,12
40056,12
40329,12
19893,11
36594,11
13920,11
49142,11
21158,11
59709,11
60756,11
33009,11
26108,11
46450,11
62221,11
49419,11
14457,11
20056,11
39027,11
12947,11
63944,11
8109,11
5945,11
18536,11
48904,11
56663,11
64750,11
48922,11
58851,11
54609,11
63176,11
28246,11
34958,11
53648,11
61380,11
59894,11
62719,11
58004,11
17549,11
45426,11
62004,11
56223,11
5101,11
63446,11
14056,11
28473,11
54906,11
3152,11
45259,11
42060,11
44143,11
19951,11
66231,11
66369,11
4391,11
65018,11
25530,11
3140,11
35331,11
59530,11
62444,11
46711,11
63051,11
16781,11
5554,11
60815,11
32666,11
66193,11
58044,11
20121,11
48852,11
36017,11
11134,11
15161,10
44934,10
19041,10
28609,10
66557,10
20838,10
52937,10
10203,10
4559,10
3216,10
57030,10
66350,10
66020,10
18753,10
45966,10
5288,10
50,10
35500,10
24171,10
18290,10
39249,10
46679,10
58415,10
1041,10
63793,10
58379,10
16344,10
48420,10
32473,10
33715,10
5167,10
64766,10
58589,10
57088,10
37439,10
56750,10
63591,10
5814,10
3976,10
54653,10
2721,10
13564,10
65803,10
10798,10
19368,10
40284,10
46994,10
44659,10
43259,10
60530,10
66282,10
41719,10
61738,10
58114,10
44230,10
62634,10
31007,10
59460,10
59878,10
799,10
55522,10
63371,10
57769,10
11408,10
63917,10
40718,10
19673,10
52040,10
37987,10
64696,10
63320,10
63452,10
21801,10
40386,10
8784,10
46322,10
50420,10
25814,10
18817,10
66111,10
63303,10
17975,10
53048,10
35250,10
23770,10
2420,10
51873,10
15259,10
42607,10
60836,10
6457,10
62424,10
12337,10
55064,10
23692,10
49394,10
59445,10
49487,10
19004,10
64317,9
60463,9
21115,9
24578,9
56406,9
39566,9
57550,9
61411,9
61937,9
14576,9
29107,9
12766,9
63131,9
45637,9
36990,9
5397,9
65909,9
14049,9
62360,9
57258,9
48412,9
55417,9
65479,9
66290,9
50589,9
50587,9
8087,9
60088,9
50145,9
61539,9
54216,9
60685,9
23912,9
61022,9
31324,9
53730,9
42307,9
63403,9
59857,9
65276,9
35318,9
50598,9
66479,9
64385,9
40067,9
63889,9
48297,9
49135,9
60996,9
2954,9
48565,9
51031,9
19671,9
47426,9
63771,9
60172,9
51419,9
65497,9
19732,9
21852,9
12710,9
62114,9
30108,9
64717,9
43700,9
972,9
37747,9
18379,9
59508,9
46923,9
28330,9
12546,9
29954,9
12517,9
65702,9
2085,9
5308,9
6055,9
62936,9
41994,9
4389,9
2847,9
14120,9
7831,9
62601,9
6961,9
44739,9
47951,9
43891,9
65872,9
14554,9
41875,9
65367,9
65937,9
62057,9
57484,9
62260,9
57752,9
9324,9
59403,9
63474,9
50766,9
49013,9
130,9
25915,9
43653,9
48295,9
14332,9
65922,9
65053,9
63012,9
50715,9
40307,9
58771,8
14285,8
41037,8
29504,8
34542,8
5141,8
52761,8
47783,8
65706,8
15706,8
64863,8
66037,8
1511,8
64753,8
29540,8
51657,8
27370,8
50161,8
14969,8
64978,8
33191,8
49459,8
66329,8
48564,8
14288,8
17249,8
2471,8
26020,8
66375,8
57421,8
12165,8
2913,8
58105,8
5022,8
63730,8
56546,8
64197,8
35768,8
38490,8
66234,8
18826,8
4236,8
11407,8
28196,8
44147,8
52237,8
56857,8
46673,8
47490,8
18010,8
11361,8
49537,8
25893,8
48322,8
18748,8
24407,8
58604,8
14528,8
8975,8
53274,8
61404,8
47574,8
65561,8
6210,8
41664,8
39294,8
65230,8
57040,8
56891,8
33775,8
13527,8
64965,8
33262,8
62127,8
23274,8
33441,8
13032,8
58141,8
24754,8
61299,8
64518,8
62684,8
12257,8
2587,8
26687,8
47267,8
65013,8
5623,8
40640,8
42754,8
64964,8
63858,8
65315,8
64512,8
29809,8
39522,8
37006,8
51231,8
48288,8
18630,8
30853,8
65993,8
44092,8
49012,8
59395,8
46156,8
62570,8
52558,8
39521,8
62442,8
24938,8
65415,8
57201,8
41810,8
60655,8
36541,8
66172,8
41998,8
171,8
35836,8
21996,8
55758,8
62554,8
47687,8
47577,8
8040,8
22014,8
10215,8
49964,8
24811,8
21697,8
42323,8
56711,8
58400,8
52034,8
66410,8
31878,8
63997,8
38479,8
57612,8
53896,8
42270,8
31078,7
9583,7
66264,7
58661,7
15751,7
44043,7
66015,7
61961,7
23128,7
7405,7
65011,7
12668,7
5187,7
28460,7
44029,7
57141,7
48879,7
12884,7
66214,7
49468,7
60101,7
57051,7
9732,7
26806,7
6789,7
35197,7
65730,7
17731,7
61511,7
11615,7
14212,7
43338,7
50993,7
62857,7
30089,7
11515,7
47364,7
45948,7
32244,7
9565,7
36045,7
31979,7
41422,7
21490,7
43618,7
46560,7
39584,7
53961,7
57121,7
45799,7
19490,7
43864,7
63058,7
36493,7
53481,7
12811,7
20647,7
51119,7
42049,7
41628,7
8187,7
4341,7
40328,7
66255,7
66499,7
1262,7
64870,7
21236,7
3133,7
40228,7
25300,7
13025,7
57966,7
64174,7
60695,7
63905,7
1445,7
58940,7
64873,7
64113,7
53949,7
64079,7
36077,7
30886,7
59688,7
13018,7
53162,7
29004,7
47980,7
42245,7
46800,7
62913,7
15874,7
28856,7
43369,7
20769,7
58876,7
49783,7
3160,7
61962,7
1099,7
11292,7
20272,7
19496,7
64115,7
25054,7
10190,7
930,7
20573,7
63895,7
65110,7
26477,7
12096,7
43163,7
22315,7
63876,7
24485,7
49129,7
53053,7
22847,7
58927,7
37219,7
49451,7
50022,7
9519,7
26884,7
16373,7
25953,7
39511,7
50606,7
42064,7
65932,7
40387,7
48540,7
57894,7
55931,7
18268,7
46507,7
66391,7
66,7
13228,7
17306,7
22924,7
56556,7
21876,7
5148,7
54699,7
43111,7
30617,7
65366,7
11948,7
1462,7
62624,7
35669,7
59064,7
35370,7
62094,7
54698,7
38667,7
19813,7
60300,7
3717,7
45177,7
15916,7
8051,7
60672,7
45788,7
1620,7
55387,7
9649,7
65981,7
60998,7
26598,7
39755,7
46638,7
10442,7
46953,7
39210,7
28208,7
54266,7
46912,7
43403,7
12278,7
7614,7
49775,7
49311,7
55034,6
47649,6
63739,6
45539,6
43074,6
65038,6
31134,6
24781,6
19352,6
59578,6
10168,6
46427,6
19800,6
38628,6
36158,6
51083,6
58345,6
8971,6
65836,6
44971,6
45083,6
61634,6
59125,6
39732,6
45866,6
61003,6
65137,6
56752,6
50854,6
6472,6
53565,6
43269,6
55159,6
43134,6
53168,6
30198,6
4554,6
57435,6
63716,6
20416,6
61838,6
51471,6
53598,6
44409,6
65357,6
48398,6
45895,6
39482,6
28433,6
65795,6
64299,6
66257,6
55563,6
12131,6
65756,6
16620,6
61444,6
65911,6
43649,6
43937,6
42890,6
16286,6
50603,6
14143,6
43094,6
47743,6
14088,6
2422,6
17179,6
49234,6
8555,6
7548,6
46344,6
54235,6
18506,6
43175,6
1903,6
59793,6
12906,6
6301,6
15039,6
5357,6
37378,6
52694,6
32988,6
56233,6
63252,6
47103,6
48741,6
38947,6
57354,6
14764,6
58406,6
62426,6
38356,6
13192,6
25804,6
2733,6
26322,6
33250,6
25596,6
39319,6
9106,6
58947,6
40342,6
20275,6
56087,6
55493,6
31665,6
65961,6
48670,6
13302,6
30189,6
44,6
64840,6
46218,6
28153,6
6637,6
63415,6
65086,6
65248,6
62469,6
47116,6
24088,6
875,6
65003,6
41337,6
61931,6
48132,6
4173,6
43441,6
65414,6
25999,6
62044,6
64104,6
51257,6
5329,6
65674,6
20174,6
57514,6
28861,6
65797,6
63445,6
9167,6
18491,6
23068,6
59665,6
48450,6
27573,6
8465,6
6490,6
64347,6
5175,6
52189,6
60337,6
64710,6
20138,6
52315,6
26771,6
61547,6
41674,6
38763,6
58239,6
66404,6
62840,6
59554,6
48755,6
19093,6
36213,6
18764,6
57840,6
34699,6
52854,6
17121,6
57672,6
44797,6
44763,6
13322,6
24146,6
46882,6
1622,6
50777,6
37704,6
30284,6
9777,6
63454,6
29571,6
19150,6
43662,6
19166,6
45548,6
11283,6
58538,6
61645,6
27320,6
34814,6
57447,6
35850,6
39448,6
29890,6
13814,6
55944,6
29530,6
38847,6
51892,6
66538,6
63988,6
6730,6
57115,6
2393,6
57727,6
41744,6
63883,6
34490,6
50686,6
29247,6
8995,6
31416,6
64421,6
59790,6
51140,6
5263,6
66251,6
61786,6
64732,6
66133,6
32079,6
18110,6
48740,6
51276,6
34884,6
51932,6
40822,6
43809,6
9899,6
7961,6
27111,6
62276,6
42052,6
48018,6
40726,6
5229,6
63870,6
58700,6
41536,6
8665,6
65595,6
27419,6
61702,6
60332,6
57841,6
57277,6
8351,6
61580,6
47931,6
59828,6
35886,6
38825,6
33041,5
59259,5
51116,5
23113,5
65887,5
64709,5
64799,5
28029,5
34150,5
58814,5
12902,5
52448,5
45346,5
36208,5
53930,5
63460,5
7673,5
64413,5
25486,5
58486,5
9148,5
36976,5
60131,5
52565,5
38335,5
41151,5
61278,5
52197,5
48753,5
6933,5
65837,5
44292,5
49098,5
24164,5
39886,5
54940,5
35975,5
63296,5
47694,5
52766,5
61622,5
60758,5
47406,5
63617,5
8662,5
60633,5
57212,5
25252,5
65008,5
14700,5
48803,5
63528,5
44449,5
18778,5
12981,5
31761,5
59674,5
62772,5
46915,5
45282,5
50028,5
17818,5
19294,5
21674,5
59731,5
6827,5
34667,5
47615,5
48293,5
39374,5
20629,5
57159,5
65389,5
65705,5
42856,5
13879,5
62569,5
44997,5
24884,5
61606,5
10871,5
44660,5
47126,5
37093,5
23677,5
28920,5
33647,5
5402,5
10163,5
38300,5
10537,5
56356,5
42884,5
49329,5
20149,5
33605,5
46318,5
66347,5
53241,5
55775,5
63089,5
55265,5
31935,5
62170,5
27456,5
15531,5
14142,5
66010,5
56315,5
21569,5
51656,5
18121,5
43005,5
43679,5
47093,5
15120,5
62541,5
50826,5
29055,5
59384,5
40692,5
46211,5
30855,5
9158,5
35012,5
54069,5
40563,5
13980,5
30718,5
47096,5
56166,5
63582,5
7523,5
55510,5
13939,5
65881,5
33804,5
87,5
51847,5
32035,5
17771,5
62293,5
46597,5
56130,5
61735,5
28890,5
23549,5
47874,5
5729,5
54403,5
42753,5
7773,5
4109,5
66552,5
31331,5
16689,5
4532,5
6172,5
63321,5
54439,5
8548,5
28172,5
47264,5
50812,5
30854,5
13204,5
24190,5
48407,5
9856,5
39645,5
57933,5
37071,5
66032,5
60565,5
46838,5
63860,5
58100,5
50225,5
36632,5
34332,5
14315,5
47683,5
52430,5
18824,5
49984,5
28319,5
65052,5
13961,5
12956,5
47938,5
65875,5
16491,5
61168,5
14444,5
1266,5
19707,5
60607,5
46619,5
1492,5
59749,5
20084,5
51563,5
42493,5
65491,5
31302,5
55277,5
66604,5
37366,5
9817,5
60040,5
44901,5
64970,5
51698,5
60754,5
15591,5
61741,5
22019,5
17540,5
30260,5
39788,5
42114,5
31006,5
1525,5
55509,5
57104,5
34731,5
60536,5
12149,5
63788,5
60896,5
60612,5
64855,5
47294,5
21764,5
47286,5
51004,5
61418,5
64258,5
48882,5
48812,5
43433,5
42520,5
29153,5
5909,5
62742,5
51420,5
21365,5
34083,5
65857,5
13418,5
19423,5
66126,5
46618,5
49471,5
8961,5
66268,5
21521,5
60887,5
16784,5
47173,5
45806,5
46395,5
60004,5
65683,5
47937,5
50952,5
66079,5
60223,5
64487,5
45382,5
65997,5
18306,5
57557,5
36515,5
17047,5
48884,5
58896,5
49784,5
61889,5
23627,5
48020,5
52239,5
54983,5
34943,5
39372,5
9469,5
60067,5
58350,5
22230,5
56444,5
65219,5
10553,5
66177,5
66423,5
63263,5
10869,5
48956,5
16027,5
13398,5
64577,5
65809,5
36489,5
28854,5
11906,5
10113,5
57688,5
64808,5
37408,5
47542,5
51410,5
22468,5
50680,5
27918,5
47820,5
58504,5
30881,5
20967,5
45056,5
64940,5
19395,5
26651,5
60420,5
61164,5
35477,5
40301,5
18198,5
22995,5
18008,5
14250,5
51321,5
16881,5
20455,5
12054,5
58559,5
64836,5
62106,5
42017,5
44418,5
27166,5
5699,5
8382,5
46303,5
61707,5
44828,5
37830,5
40385,5
36025,5
48698,5
29732,5
2252,5
62123,5
12803,5
39193,5
15818,5
56797,5
33741,5
58450,5
51466,5
27698,4
65769,4
65217,4
32228,4
17912,4
11191,4
21534,4
39986,4
28288,4
61252,4
61853,4
43185,4
1797,4
19408,4
25849,4
47179,4
9436,4
13923,4
29554,4
10102,4
63313,4
45492,4
60674,4
20367,4
26850,4
53577,4
37783,4
9616,4
22649,4
56745,4
33403,4
55267,4
64309,4
65635,4
23588,4
14220,4
63614,4
18717,4
50934,4
31662,4
46132,4
2226,4
57589,4
61076,4
8749,4
30899,4
12998,4
13973,4
9221,4
65869,4
61646,4
18926,4
66553,4
49816,4
45531,4
62877,4
36794,4
43320,4
30018,4
55427,4
48611,4
65312,4
52468,4
36038,4
4399,4
65196,4
62841,4
53200,4
62465,4
64523,4
28797,4
8284,4
61268,4
8377,4
15128,4
40185,4
9807,4
16155,4
8411,4
55617,4
44188,4
63359,4
40259,4
22799,4
6043,4
65102,4
26657,4
26037,4
65493,4
12816,4
50486,4
9522,4
34255,4
47393,4
63438,4
42552,4
64942,4
58187,4
60065,4
16350,4
20265,4
66544,4
50655,4
51150,4
47369,4
65910,4
64405,4
45892,4
10755,4
35074,4
20755,4
9630,4
48193,4
39729,4
62002,4
62658,4
16614,4
16120,4
33709,4
18885,4
66146,4
63962,4
5821,4
30148,4
47819,4
45718,4
38443,4
50372,4
43718,4
8123,4
47399,4
59250,4
57622,4
61239,4
9542,4
36728,4
36696,4
29706,4
62083,4
3727,4
58081,4
35109,4
51989,4
60114,4
45957,4
9604,4
13644,4
7039,4
12903,4
18174,4
46672,4
66106,4
66319,4
18533,4
37317,4
13595,4
8807,4
15425,4
6594,4
753,4
50520,4
28488,4
32066,4
56376,4
64231,4
1415,4
66531,4
4459,4
40257,4
12421,4
19553,4
5556,4
2662,4
39763,4
56281,4
44918,4
56319,4
15292,4
44721,4
48972,4
48125,4
65687,4
21970,4
50597,4
63181,4
32111,4
13563,4
66226,4
17499,4
59481,4
66262,4
57495,4
38249,4
30153,4
47598,4
44787,4
6937,4
17572,4
2494,4
50429,4
54099,4
7276,4
4957,4
4197,4
59701,4
38560,4
46301,4
55594,4
20833,4
61105,4
42777,4
27829,4
65602,4
63486,4
21277,4
62564,4
64589,4
10432,4
66155,4
924,4
45917,4
47848,4
3240,4
36262,4
53369,4
65338,4
33245,4
27514,4
64719,4
56871,4
44278,4
28421,4
63167,4
62927,4
34267,4
29249,4
58248,4
11083,4
66461,4
63419,4
38533,4
38415,4
54546,4
61871,4
55577,4
21636,4
16283,4
46080,4
53570,4
64493,4
49143,4
8700,4
14241,4
16498,4
26527,4
64240,4
64821,4
23151,4
16724,4
31004,4
46447,4
18754,4
64858,4
66366,4
49372,4
13481,4
36135,4
61815,4
48087,4
35704,4
31125,4
57541,4
40096,4
48983,4
52505,4
64609,4
46408,4
60376,4
8152,4
4517,4
32140,4
51643,4
26584,4
49341,4
65823,4
2215,4
62192,4
52509,4
5314,4
19715,4
60986,4
49627,4
51838,4
28644,4
56838,4
65296,4
32328,4
24433,4
4314,4
64380,4
53,4
2805,4
48039,4
65271,4
53848,4
43865,4
26664,4
65839,4
46282,4
41819,4
23974,4
49670,4
14274,4
66202,4
6627,4
30908,4
42029,4
53571,4
54104,4
30783,4
65671,4
7932,4
56847,4
59534,4
62064,4
40366,4
59691,4
13177,4
62463,4
50753,4
6904,4
61652,4
43813,4
15481,4
18834,4
10424,4
65791,4
1108,4
4458,4
5476,4
4128,4
18978,4
36376,4
60941,4
29285,4
59316,4
63699,4
55977,4
63501,4
54659,4
2589,4
23660,4
66165,4
30807,4
64524,4
65437,4
22818,4
15172,4
54214,4
12702,4
37856,4
49794,4
40652,4
44636,4
60263,4
62036,4
21829,4
54304,4
8907,4
64607,4
54067,4
11021,4
59569,4
21777,4
7875,4
64389,4
34135,4
63935,4
58800,4
60520,4
65368,4
25140,4
52273,4
32258,4
66029,4
41359,4
16358,4
48627,4
62128,4
64592,4
8976,4
36210,4
66418,4
30719,4
10608,4
15123,4
60293,4
19392,4
18067,4
65620,4
58813,4
56810,4
65054,4
33363,4
60535,4
65044,4
7598,4
50056,4
51224,4
57,4
56829,4
65908,4
19736,4
29657,4
39108,4
40805,4
63764,4
24635,4
64349,4
61304,4
49399,4
45159,4
10763,4
34142,4
51124,4
62821,4
6994,4
50328,4
35997,4
32087,4
56540,4
36250,4
8139,4
62038,4
9076,4
32253,4
56568,4
37594,4
63961,4
51944,4
53154,4
53550,4
13324,4
41143,4
281,4
41755,4
43631,4
27362,4
62999,4
28452,4
37632,4
62981,4
27884,4
60272,4
17958,4
61949,4
63735,4
63216,4
60225,4
14200,4
28994,4
56336,4
60355,4
50092,4
37517,4
61886,4
16589,4
35121,4
59147,4
43138,4
56291,4
25469,4
7868,4
52351,4
24352,4
7098,4
51198,4
53459,4
54383,4
28329,4
42068,4
59821,4
13712,4
42,4
48935,4
40908,4
66059,4
3089,4
61214,4
34249,4
59251,4
52660,4
700,4
38384,4
6745,4
20588,4
25471,4
60080,4
37775,3
26420,3
53014,3
25717,3
20422,3
46628,3
31873,3
21479,3
18263,3
60277,3
54041,3
25233,3
64935,3
40588,3
64586,3
40454,3
12598,3
40988,3
61594,3
6476,3
55713,3
43467,3
14664,3
48900,3
12044,3
38286,3
52069,3
41267,3
61437,3
42131,3
8563,3
11682,3
55169,3
30747,3
65354,3
58193,3
60578,3
64686,3
27747,3
17297,3
63156,3
62617,3
50409,3
53431,3
41298,3
47708,3
21673,3
58273,3
21790,3
65449,3
16754,3
14988,3
61750,3
48263,3
49891,3
37255,3
15925,3
45365,3
64865,3
23993,3
61301,3
63423,3
22080,3
3699,3
56157,3
9380,3
46015,3
45858,3
44011,3
62629,3
14722,3
53444,3
6719,3
39753,3
29529,3
18109,3
50094,3
36114,3
53379,3
18085,3
57067,3
9636,3
21272,3
43007,3
35366,3
10650,3
20286,3
65848,3
52723,3
43544,3
65269,3
64161,3
57832,3
7425,3
64624,3
25147,3
3598,3
18932,3
41800,3
11215,3
20892,3
60401,3
47514,3
42695,3
29887,3
43260,3
25920,3
30399,3
63995,3
27761,3
37238,3
63374,3
55940,3
51448,3
16308,3
66218,3
65514,3
63291,3
63986,3
65621,3
26752,3
10530,3
54136,3
239,3
51915,3
52722,3
40229,3
60667,3
65893,3
11545,3
17882,3
33336,3
189,3
43191,3
7681,3
59085,3
62666,3
60769,3
58615,3
34362,3
57611,3
58270,3
60880,3
63627,3
62059,3
43189,3
9338,3
61661,3
19154,3
5919,3
66047,3
28470,3
49064,3
18420,3
62435,3
13628,3
721,3
63472,3
44007,3
14737,3
61884,3
53627,3
47946,3
29030,3
57731,3
61504,3
25839,3
64781,3
30662,3
59256,3
60541,3
23354,3
64678,3
61046,3
57679,3
48968,3
20398,3
61508,3
14312,3
66354,3
62736,3
22884,3
32120,3
1889,3
37351,3
46326,3
20400,3
66543,3
63499,3
11708,3
47943,3
55628,3
61816,3
6061,3
58506,3
66127,3
8522,3
21086,3
66199,3
21287,3
39170,3
42824,3
22969,3
10184,3
3891,3
49913,3
46954,3
13567,3
59450,3
40870,3
55966,3
44138,3
35528,3
63170,3
25289,3
10902,3
59705,3
59926,3
2034,3
40317,3
51204,3
45276,3
63993,3
8343,3
27383,3
15333,3
16313,3
64216,3
47601,3
41187,3
63444,3
42942,3
66361,3
39021,3
50320,3
40601,3
49932,3
59774,3
48423,3
62270,3
64721,3
3195,3
25443,3
6363,3
19554,3
36662,3
15235,3
6922,3
10623,3
48965,3
42041,3
15231,3
64236,3
34702,3
59939,3
36778,3
2698,3
66362,3
11742,3
63811,3
41470,3
3371,3
66276,3
59936,3
37796,3
54376,3
66178,3
10267,3
2313,3
7450,3
32260,3
66302,3
65331,3
39247,3
12345,3
2993,3
62338,3
39160,3
29509,3
20568,3
44016,3
11607,3
19267,3
66093,3
7766,3
50945,3
50098,3
51866,3
49228,3
35341,3
51835,3
15646,3
12332,3
17430,3
10226,3
65496,3
44127,3
53828,3
48436,3
12209,3
42257,3
29614,3
48689,3
61346,3
5984,3
32292,3
43884,3
21017,3
24313,3
43033,3
30176,3
5096,3
28538,3
36225,3
13854,3
5419,3
25982,3
2487,3
14842,3
35776,3
51760,3
31303,3
42896,3
19241,3
36789,3
45679,3
64922,3
66253,3
40894,3
44820,3
56439,3
57659,3
19803,3
43428,3
61106,3
59464,3
54990,3
46449,3
2381,3
51374,3
45063,3
20878,3
22717,3
16989,3
64139,3
57804,3
66136,3
64356,3
54517,3
53674,3
35167,3
10758,3
29068,3
35180,3
32512,3
47213,3
57759,3
61694,3
60531,3
60973,3
9285,3
31786,3
66511,3
321,3
44630,3
46352,3
48372,3
33977,3
17122,3
58480,3
65446,3
50521,3
48070,3
35384,3
64470,3
40860,3
29561,3
16608,3
14840,3
42111,3
10279,3
35705,3
23712,3
4277,3
18804,3
41306,3
63430,3
44184,3
49991,3
63171,3
25137,3
55140,3
24163,3
8730,3
65516,3
9954,3
65353,3
27415,3
65285,3
66535,3
59735,3
17750,3
28076,3
19377,3
41644,3
27137,3
19332,3
65782,3
51318,3
59513,3
48522,3
51602,3
4526,3
43980,3
49576,3
60560,3
34327,3
44538,3
47889,3
59993,3
61017,3
65138,3
59302,3
16287,3
56226,3
62288,3
65069,3
23569,3
28291,3
30755,3
23721,3
44048,3
53897,3
5035,3
45719,3
46677,3
36380,3
15386,3
21321,3
43953,3
65653,3
34341,3
64429,3
24949,3
10161,3
34349,3
50035,3
16226,3
53107,3
64812,3
49564,3
58716,3
64671,3
13366,3
59765,3
66378,3
33705,3
3077,3
56227,3
24070,3
43069,3
44372,3
28156,3
5369,3
33070,3
29609,3
65012,3
32264,3
7886,3
1719,3
6911,3
62155,3
24375,3
29362,3
32936,3
55778,3
55027,3
3985,3
11417,3
21580,3
42283,3
15240,3
64986,3
58456,3
37080,3
53506,3
25509,3
31978,3
31698,3
17335,3
19807,3
38547,3
55761,3
18968,3
63517,3
55191,3
41315,3
16322,3
65598,3
28335,3
18202,3
17806,3
8159,3
65076,3
27073,3
19717,3
55473,3
34711,3
21007,3
51383,3
22540,3
61483,3
25715,3
20998,3
41450,3
13386,3
48186,3
29364,3
66316,3
63014,3
41915,3
31317,3
23699,3
38109,3
24535,3
43875,3
41069,3
54471,3
25495,3
63236,3
13001,3
53533,3
57160,3
51645,3
43569,3
48875,3
18990,3
65206,3
51631,3
39895,3
58677,3
60193,3
49037,3
11919,3
9557,3
35344,3
63892,3
33020,3
64388,3
44597,3
51975,3
46304,3
15514,3
43790,3
54726,3
56004,3
39563,3
45533,3
43782,3
59120,3
46855,3
61601,3
36308,3
65952,3
48867,3
42144,3
3443,3
42332,3
56762,3
54338,3
15025,3
48160,3
4897,3
2149,3
48786,3
66026,3
55152,3
19298,3
6045,3
19277,3
49846,3
15977,3
52826,3
10244,3
42189,3
29499,3
34392,3
49300,3
14486,3
13497,3
58139,3
8060,3
21737,3
66085,3
41090,3
64043,3
9639,3
29115,3
66330,3
43743,3
27009,3
36553,3
16460,3
43304,3
48182,3
46820,3
27840,3
40052,3
17831,3
65600,3
37040,3
39723,3
63134,3
33227,3
20651,3
11972,3
28761,3
66365,3
28848,3
2892,3
46860,3
51487,3
38832,3
64944,3
4741,3
52681,3
12975,3
43993,3
64868,3
40686,3
43192,3
55294,3
14334,3
63173,3
66464,3
19866,3
4134,3
11669,3
66051,3
65093,3
34044,3
54210,3
62788,3
43760,3
44738,3
65288,3
28562,3
40960,3
56529,3
19887,3
62525,3
28212,3
50523,3
8052,3
34322,3
9759,3
66434,3
17093,3
21343,3
59750,3
18911,3
53336,3
22641,3
37409,3
44287,3
15842,3
23556,3
40625,3
54837,3
8670,3
45944,3
29779,3
36680,3
39863,3
45975,3
65379,3
41344,3
66400,3
17377,3
60361,3
24119,3
31816,3
40159,3
31652,3
61355,3
39020,3
23030,3
52811,3
40133,3
28561,3
38118,3
58635,3
55018,3
8883,3
29587,3
59937,3
23246,3
20639,3
42997,3
7945,3
9587,3
28187,3
41891,3
63491,3
53616,3
45605,3
26867,3
55698,3
53662,3
47118,3
24649,3
63348,3
66583,3
25409,3
52853,3
28662,3
25911,3
50359,3
36377,3
56428,3
62917,3
17352,3
3907,3
20638,3
50975,3
33546,3
47587,3
64862,3
19483,3
29688,3
5248,3
47128,3
26388,3
61670,3
6711,3
51480,3
41205,3
28346,3
49720,3
49297,3
14888,3
18199,3
57321,3
60321,3
56477,3
65761,3
55002,3
54464,3
56144,3
57962,3
30106,3
31401,3
46992,3
11504,3
61982,3
62608,3
11823,3
44479,3
40984,3
1188,3
62794,3
43319,3
59601,3
41075,3
62014,3
34656,3
59202,3
10958,3
15937,3
65591,3
37648,3
12239,3
2956,3
31110,3
27172,3
61819,3
65515,3
64875,3
44229,3
11655,3
19891,3
51244,3
9669,3
13085,3
61265,3
34777,3
28527,3
37402,2
14633,2
49504,2
61777,2
62364,2
27836,2
46061,2
15847,2
64420,2
38455,2
11772,2
61274,2
25438,2
48596,2
37329,2
58725,2
33863,2
20224,2
24302,2
9191,2
57649,2
63373,2
63285,2
63442,2
20974,2
44714,2
63048,2
34755,2
1353,2
60320,2
47807,2
66399,2
31875,2
54585,2
36239,2
39956,2
32791,2
45419,2
59434,2
55394,2
40043,2
53072,2
56716,2
23465,2
62928,2
64279,2
66064,2
61016,2
66169,2
32233,2
17007,2
47583,2
63841,2
423,2
28627,2
23576,2
22586,2
60268,2
8175,2
43216,2
29146,2
50646,2
46931,2
33276,2
14001,2
45802,2
42883,2
32670,2
52100,2
16557,2
27850,2
37575,2
3567,2
52418,2
34664,2
35464,2
42420,2
481,2
46991,2
52494,2
25433,2
54094,2
41859,2
17288,2
64008,2
31706,2
65668,2
10260,2
4609,2
32229,2
52570,2
59816,2
29589,2
32472,2
66167,2
63286,2
65481,2
40513,2
27729,2
22802,2
49585,2
33243,2
29567,2
57213,2
32488,2
56574,2
43382,2
45689,2
36037,2
24722,2
42149,2
40379,2
8340,2
63050,2
42233,2
8306,2
23472,2
36473,2
55129,2
45266,2
35631,2
3430,2
28018,2
34872,2
51188,2
45815,2
11289,2
63831,2
51475,2
63352,2
25766,2
53116,2
28932,2
5082,2
55028,2
20949,2
35602,2
2624,2
30902,2
5735,2
59217,2
65877,2
10471,2
9100,2
33215,2
53902,2
21523,2
49091,2
63148,2
66419,2
18429,2
49237,2
54569,2
11258,2
46238,2
56380,2
18043,2
66571,2
16711,2
28787,2
21212,2
45882,2
15272,2
66473,2
49767,2
64830,2
3000,2
48571,2
50344,2
66069,2
39508,2
66566,2
11512,2
22743,2
65451,2
49403,2
53942,2
667,2
60637,2
49955,2
29918,2
47053,2
31524,2
51968,2
53667,2
31518,2
7782,2
39390,2
23553,2
46801,2
47568,2
29182,2
66359,2
28616,2
5455,2
61077,2
55280,2
18331,2
61205,2
17523,2
8863,2
59819,2
17196,2
49028,2
61081,2
50972,2
27858,2
39567,2
40719,2
60402,2
49246,2
63672,2
14029,2
61639,2
66189,2
38038,2
34191,2
27056,2
54431,2
65334,2
32009,2
53024,2
49678,2
36603,2
38052,2
22046,2
57266,2
14959,2
6294,2
52425,2
16004,2
8227,2
3080,2
35283,2
55828,2
59240,2
63763,2
51896,2
57364,2
61535,2
50147,2
13252,2
46544,2
62535,2
18458,2
30694,2
31941,2
4576,2
29817,2
11060,2
25018,2
53850,2
5873,2
8750,2
32898,2
60013,2
35621,2
19689,2
56188,2
57513,2
51209,2
29276,2
59990,2
39928,2
63274,2
21146,2
17895,2
25914,2
8417,2
55819,2
43699,2
47158,2
58569,2
30048,2
33909,2
10628,2
58537,2
27793,2
50468,2
40410,2
3804,2
50423,2
43429,2
41433,2
49182,2
57384,2
20658,2
64505,2
40946,2
50760,2
51191,2
43288,2
29810,2
16702,2
46249,2
8716,2
20140,2
64822,2
13673,2
46795,2
66534,2
24793,2
22493,2
34644,2
29635,2
50608,2
54442,2
52251,2
60176,2
20432,2
66346,2
52120,2
56367,2
11142,2
61873,2
35311,2
56598,2
10011,2
35276,2
5056,2
47223,2
64792,2
21319,2
111,2
57716,2
52305,2
41383,2
65450,2
53877,2
36913,2
48714,2
35973,2
12779,2
26382,2
65851,2
61400,2
65504,2
25606,2
63999,2
7603,2
46569,2
24924,2
33182,2
62301,2
66414,2
65178,2
61498,2
64181,2
13776,2
55714,2
3179,2
22067,2
65351,2
47864,2
44855,2
63938,2
29449,2
13445,2
52506,2
16549,2
66520,2
12279,2
22762,2
18123,2
11481,2
35551,2
40835,2
8702,2
42104,2
38857,2
39835,2
29646,2
62885,2
33281,2
63655,2
44827,2
12735,2
47662,2
7764,2
63391,2
3126,2
50111,2
9050,2
9944,2
50602,2
11199,2
19621,2
3915,2
24749,2
35781,2
48416,2
12308,2
18632,2
60841,2
39304,2
57647,2
25926,2
24395,2
66394,2
40031,2
27204,2
64587,2
59506,2
18480,2
18879,2
19425,2
29794,2
30342,2
28599,2
62748,2
25961,2
15061,2
62894,2
64159,2
61327,2
17629,2
64007,2
59473,2
1083,2
44149,2
52891,2
5851,2
62680,2
62811,2
63922,2
6037,2
12991,2
63172,2
50101,2
16971,2
41899,2
19165,2
49383,2
62484,2
13043,2
4159,2
51987,2
37570,2
38678,2
8931,2
66089,2
28061,2
57287,2
64203,2
25371,2
35432,2
31993,2
65691,2
60623,2
44987,2
10647,2
38750,2
45929,2
65403,2
46152,2
46728,2
66453,2
31836,2
11663,2
21080,2
58822,2
36612,2
65520,2
43735,2
52916,2
53941,2
14260,2
58591,2
57789,2
17063,2
51674,2
46707,2
49169,2
14133,2
62698,2
45592,2
63873,2
4859,2
66334,2
2887,2
2632,2
29515,2
59312,2
31178,2
54686,2
40821,2
11970,2
40128,2
35743,2
38980,2
37052,2
14671,2
32448,2
63219,2
63361,2
66005,2
26241,2
41082,2
57066,2
5795,2
2480,2
27591,2
43370,2
63825,2
64384,2
17736,2
46775,2
15191,2
19839,2
31572,2
45381,2
3113,2
24233,2
59916,2
62305,2
54931,2
37359,2
18577,2
35635,2
65318,2
61419,2
33203,2
50126,2
66235,2
1552,2
65859,2
57953,2
64913,2
47293,2
57353,2
50542,2
51396,2
59484,2
36245,2
45043,2
40112,2
65313,2
27303,2
60780,2
52259,2
16423,2
65738,2
65373,2
51746,2
33060,2
52652,2
30433,2
28634,2
55953,2
16084,2
20829,2
54717,2
48031,2
54004,2
65927,2
59288,2
20994,2
9482,2
245,2
62513,2
29384,2
18617,2
51377,2
44673,2
23998,2
59082,2
44609,2
63762,2
66510,2
51278,2
48100,2
66036,2
24412,2
36980,2
52964,2
43456,2
54522,2
399,2
54264,2
3273,2
61574,2
29190,2
46845,2
55233,2
61027,2
65648,2
66521,2
49569,2
35761,2
19189,2
63725,2
58595,2
10997,2
45549,2
65023,2
10567,2
34192,2
27703,2
62560,2
5946,2
10957,2
19367,2
23563,2
15781,2
38612,2
4211,2
55891,2
16880,2
59089,2
51314,2
51891,2
49155,2
19828,2
15229,2
10742,2
13826,2
19934,2
28278,2
64281,2
63367,2
16994,2
63934,2
34828,2
33202,2
37865,2
47993,2
66528,2
15082,2
16831,2
44643,2
9615,2
25318,2
14015,2
32575,2
41483,2
52753,2
56169,2
40702,2
47731,2
9222,2
890,2
64070,2
62045,2
7541,2
47915,2
61904,2
40693,2
65222,2
21967,2
63016,2
44302,2
48195,2
63214,2
60669,2
12815,2
61922,2
64825,2
47771,2
15474,2
22958,2
16548,2
60779,2
59924,2
14662,2
45100,2
48417,2
39734,2
39570,2
12856,2
57279,2
5155,2
12005,2
63543,2
60423,2
18240,2
50622,2
19939,2
52380,2
57935,2
66259,2
36064,2
38908,2
65238,2
50318,2
46762,2
4946,2
12964,2
38931,2
15135,2
9412,2
63594,2
36670,2
62055,2
59995,2
38063,2
54392,2
52484,2
60445,2
43817,2
43774,2
62018,2
48912,2
66140,2
66485,2
24475,2
50959,2
43121,2
64223,2
66279,2
17094,2
54223,2
65499,2
64156,2
8204,2
49858,2
38080,2
62988,2
46919,2
28788,2
65340,2
32069,2
66027,2
12692,2
31309,2
60119,2
10208,2
25502,2
47580,2
61935,2
13447,2
47475,2
5453,2
4893,2
26627,2
52105,2
45875,2
4763,2
65806,2
23788,2
31833,2
5103,2
39626,2
32877,2
16529,2
24813,2
2376,2
40477,2
16770,2
364,2
65926,2
37022,2
50158,2
66203,2
64091,2
32439,2
50524,2
11930,2
12542,2
58735,2
62239,2
9645,2
40170,2
43941,2
48037,2
36446,2
64724,2
40038,2
53724,2
30091,2
45920,2
15964,2
43559,2
41945,2
36911,2
65294,2
27428,2
66445,2
42073,2
54246,2
27423,2
64733,2
13727,2
53610,2
24100,2
9640,2
47746,2
4603,2
51059,2
52508,2
16846,2
43742,2
11381,2
44635,2
35144,2
8019,2
58659,2
23398,2
12386,2
10431,2
13592,2
20248,2
1306,2
27867,2
22262,2
31886,2
9514,2
34885,2
38271,2
59102,2
66411,2
40111,2
58276,2
54258,2
26002,2
13806,2
49578,2
36875,2
40655,2
63792,2
27784,2
66219,2
52044,2
21471,2
14050,2
2099,2
33841,2
35694,2
65599,2
41018,2
40534,2
53470,2
3554,2
16244,2
57630,2
43236,2
43997,2
58917,2
60364,2
35395,2
10031,2
17712,2
63652,2
18749,2
18777,2
43335,2
61916,2
3474,2
62613,2
53295,2
59289,2
3181,2
66492,2
53684,2
23021,2
61754,2
22763,2
39768,2
43556,2
47551,2
50408,2
18293,2
52135,2
20977,2
22276,2
42186,2
12355,2
66425,2
26656,2
34522,2
51492,2
29537,2
52986,2
25210,2
66019,2
30786,2
55353,2
50929,2
12685,2
58958,2
53468,2
50725,2
61630,2
43549,2
64538,2
23713,2
21234,2
59996,2
35545,2
65329,2
43321,2
49313,2
20410,2
64923,2
58594,2
39952,2
51196,2
51394,2
11188,2
59294,2
17807,2
33678,2
63760,2
66476,2
23131,2
11325,2
16790,2
14937,2
12247,2
63951,2
12474,2
16612,2
33753,2
41060,2
22210,2
62413,2
53801,2
20303,2
29960,2
37393,2
55771,2
63282,2
64654,2
39251,2
41133,2
16194,2
61932,2
49962,2
63613,2
63055,2
26043,2
29363,2
43615,2
63100,2
46686,2
64124,2
30332,2
52840,2
63882,2
51966,2
22161,2
62631,2
63029,2
1522,2
34102,2
8475,2
3243,2
43268,2
40442,2
46605,2
46792,2
18960,2
17603,2
40325,2
39940,2
35522,2
35437,2
54096,2
62367,2
35263,2
22689,2
20453,2
51096,2
37068,2
37067,2
34900,2
22868,2
5206,2
15369,2
34878,2
15678,2
7067,2
3063,2
51054,2
42217,2
54309,2
64471,2
31942,2
9102,2
17505,2
46179,2
56537,2
21516,2
9670,2
49267,2
30037,2
55676,2
608,2
24336,2
66497,2
32231,2
37285,2
11932,2
44776,2
7327,2
22236,2
60617,2
65267,2
27959,2
13315,2
31156,2
49712,2
55090,2
59143,2
47602,2
8589,2
42021,2
63330,2
8493,2
23466,2
13051,2
12929,2
48691,2
64479,2
11958,2
43373,2
65689,2
65794,2
1224,2
33878,2
64537,2
51625,2
20080,2
47279,2
60089,2
12853,2
62517,2
62849,2
33400,2
2875,2
61443,2
29624,2
59801,2
66105,2
18966,2
10559,2
63657,2
259,2
66432,2
44410,2
54503,2
51612,2
31896,2
47136,2
11086,2
47957,2
5605,2
65842,2
66246,2
64198,2
25146,2
13921,2
54553,2
30928,2
52031,2
61455,2
10941,2
33764,2
65193,2
66603,2
17262,2
65944,2
15162,2
58746,2
51162,2
23325,2
25885,2
30868,2
24343,2
38835,2
51805,2
33090,2
48050,2
16130,2
56535,2
48383,2
36301,2
33447,2
42857,2
52536,2
62802,2
18573,2
20625,2
63824,2
57847,2
37743,2
31618,2
26299,2
16771,2
65992,2
24927,2
50949,2
16173,2
63239,2
12144,2
46700,2
10235,2
48456,2
15193,2
37699,2
56993,2
18827,2
55499,2
4450,2
9428,2
40080,2
59900,2
13425,2
21111,2
29849,2
53859,2
60452,2
48974,2
8542,2
62996,2
42947,2
65695,2
24135,2
2830,2
36891,2
16957,2
42508,2
36228,2
44113,2
54552,2
35455,2
65636,2
63972,2
38726,2
65482,2
39269,2
37613,2
26405,2
20655,2
38823,2
4687,2
50057,2
59423,2
9868,2
11165,2
53898,2
50831,2
16764,2
1273,2
5294,2
61103,2
12427,2
22584,2
63978,2
55142,2
11428,2
14269,2
54856,2
45418,2
37477,2
62124,2
40074,2
49384,2
51227,2
2941,2
16412,2
52714,2
28991,2
51899,2
37999,2
44707,2
44521,2
65745,2
10786,2
49186,2
62886,2
39032,2
38899,2
34054,2
66261,2
33778,2
14556,2
65941,2
32826,2
61013,2
64934,2
26810,2
7977,2
66118,2
26860,2
53248,2
27045,2
46756,2
55634,2
28986,2
66482,2
66596,2
9466,2
26946,2
14303,2
48777,2
62755,2
14277,2
13556,2
18809,2
63727,2
53113,2
3341,2
42092,2
2626,2
43451,2
64939,2
37347,2
20992,2
38157,2
63579,2
38398,2
46819,2
37790,2
24231,2
34668,2
22984,2
9613,2
64068,2
56222,2
55396,2
37883,2
66201,2
65071,2
58109,2
51457,2
13945,2
25604,2
14758,2
63565,2
43925,2
8549,2
62689,2
58548,2
50821,2
32818,2
34071,2
29138,2
65115,2
55219,2
13171,2
31567,2
11385,2
61829,2
7063,2
40874,2
45776,2
29223,2
51378,2
27697,2
47973,2
66300,2
59552,2
39373,2
64039,2
56111,2
6295,2
38226,2
66293,2
65363,2
19390,2
40356,2
48953,2
22627,2
5243,2
4793,2
64431,2
24463,2
62583,2
20712,2
18483,2
29786,2
66429,2
3989,2
48519,2
61977,2
59808,2
63974,2
62842,2
15266,2
53224,2
31076,2
60882,2
66170,2
50130,2
7166,2
65132,2
47738,2
42927,2
20587,2
29147,2
59773,2
14518,2
27937,2
27834,2
42634,2
42456,2
60091,2
47186,2
49924,2
39320,2
14783,2
30922,2
32151,2
60619,2
8335,2
51380,2
6297,2
6886,2
52996,2
63383,2
4963,2
39546,2
41790,2
45681,2
42490,2
40887,2
43475,2
51225,2
9831,2
43821,2
18422,2
46791,2
46655,2
61772,2
13325,2
13998,2
53975,2
59190,2
17028,2
64313,2
28072,2
53867,2
44847,2
12357,2
64819,2
28457,2
29681,2
20382,2
61589,2
44940,2
13426,2
42470,2
26765,2
7604,2
13041,2
13023,2
10209,2
19698,2
28135,2
63190,2
44890,2
62498,2
31929,2
12072,2
8014,2
58597,2
43166,2
11065,2
58848,2
40880,2
55553,2
11641,2
22631,2
26547,2
13073,2
31482,2
36104,2
64770,2
61147,2
63844,2
61525,2
21240,2
41725,2
24663,2
7759,2
39233,2
33628,2
39978,2
65512,2
62814,2
41760,2
20500,2
8745,2
57217,2
54063,2
26780,2
4324,2
44231,2
50453,2
5937,2
46796,2
33655,2
35255,2
25684,2
54428,2
45279,2
6741,2
16508,2
49280,2
61007,2
32497,2
49010,2
15186,2
64722,2
28494,2
19087,2
25753,2
8647,2
57937,2
44469,2
15450,2
49094,2
7908,2
46862,2
15034,2
15255,2
18750,2
63421,2
29378,2
60813,2
53397,2
33388,2
44002,2
4512,2
32726,2
12186,2
63017,2
41480,2
63165,2
17705,2
4227,2
51586,2
45144,2
15927,2
43104,2
35541,2
55954,2
62648,2
45415,2
59474,2
18147,2
56003,2
35055,2
64055,2
48577,2
48941,2
52702,2
23783,2
1893,2
36295,2
59695,2
64149,2
61383,2
52585,2
59205,2
17490,2
22811,2
28879,2
54860,2
49854,2
22286,2
60110,2
15592,2
50564,2
26051,2
16133,2
58300,2
36937,2
48284,2
61296,2
24143,2
40879,2
66033,2
32990,2
53807,2
45088,2
44526,2
24126,2
32056,2
57023,2
63356,2
24930,2
32614,2
33987,2
40966,2
57078,2
60348,2
36044,2
16212,2
46414,2
64453,2
31102,2
40869,2
24715,2
15666,2
63428,2
15636,1
56778,1
62714,1
33462,1
63307,1
50914,1
45650,1
20857,1
62588,1
16123,1
65534,1
59716,1
50384,1
64450,1
63715,1
63803,1
26378,1
50855,1
15976,1
4352,1
5477,1
10561,1
25423,1
21817,1
47651,1
41577,1
54899,1
46089,1
35717,1
63942,1
25307,1
35612,1
29882,1
21903,1
21443,1
17802,1
19881,1
14485,1
39227,1
52456,1
33903,1
61245,1
52023,1
4917,1
63399,1
24199,1
26289,1
34399,1
54294,1
2826,1
41277,1
44461,1
13800,1
65442,1
20813,1
29140,1
36689,1
36608,1
58736,1
65717,1
56721,1
45089,1
20812,1
10629,1
62692,1
56969,1
35139,1
66611,1
60188,1
57774,1
15747,1
40244,1
21215,1
22007,1
10485,1
30374,1
65963,1
11339,1
61198,1
29656,1
919,1
40670,1
52930,1
66586,1
32867,1
63347,1
17289,1
4620,1
55734,1
58546,1
47647,1
52661,1
63789,1
329,1
45604,1
35445,1
55623,1
47555,1
27665,1
65256,1
29726,1
39036,1
34518,1
20390,1
17692,1
14359,1
62164,1
62912,1
33226,1
49326,1
52841,1
55766,1
13323,1
53149,1
63378,1
59931,1
26621,1
45350,1
50576,1
51294,1
50592,1
16439,1
37158,1
21784,1
40127,1
48165,1
18902,1
28193,1
35897,1
57817,1
61921,1
48012,1
65375,1
62832,1
18878,1
61773,1
61328,1
18183,1
58046,1
55029,1
35257,1
55548,1
34746,1
48345,1
61184,1
28539,1
10671,1
51830,1
53482,1
39410,1
10640,1
8675,1
65970,1
45619,1
5317,1
36893,1
13079,1
65573,1
22694,1
12756,1
66016,1
60111,1
22909,1
27726,1
31996,1
21808,1
22045,1
30682,1
6409,1
35630,1
65457,1
26443,1
30801,1
5885,1
27033,1
54687,1
29396,1
64147,1
58611,1
54720,1
14617,1
13016,1
60477,1
60631,1
65812,1
6319,1
29454,1
45745,1
56028,1
44462,1
39794,1
33375,1
21678,1
45131,1
24691,1
14326,1
39126,1
26954,1
40354,1
16046,1
11397,1
57050,1
66420,1
18280,1
39889,1
56387,1
43161,1
12062,1
47922,1
27506,1
28960,1
44042,1
65154,1
48727,1
52726,1
24547,1
25590,1
38101,1
46402,1
66588,1
19256,1
46069,1
43432,1
64916,1
26632,1
62757,1
47930,1
53422,1
47415,1
23984,1
26292,1
53534,1
63006,1
38878,1
33369,1
46958,1
46149,1
41461,1
44837,1
60041,1
39392,1
32733,1
32835,1
12214,1
63853,1
17752,1
49460,1
32022,1
50657,1
31778,1
33034,1
56787,1
33657,1
34950,1
65904,1
7057,1
15661,1
47067,1
18811,1
60872,1
47984,1
66396,1
46114,1
46136,1
53639,1
58085,1
20217,1
49996,1
60991,1
63033,1
38998,1
50392,1
17888,1
29064,1
14719,1
49475,1
54122,1
30421,1
55237,1
42224,1
41502,1
5938,1
61129,1
15975,1
25919,1
29886,1
66460,1
62332,1
14389,1
14073,1
7739,1
16725,1
54666,1
42774,1
42686,1
28515,1
65489,1
66342,1
15064,1
59154,1
56545,1
24304,1
66382,1
66211,1
52922,1
8763,1
27922,1
32897,1
35988,1
45240,1
27796,1
57052,1
43461,1
65378,1
64726,1
31906,1
53372,1
49116,1
55657,1
12534,1
52401,1
41840,1
61985,1
56779,1
65578,1
7338,1
8304,1
66191,1
39114,1
16588,1
7336,1
61656,1
41328,1
55893,1
26376,1
63854,1
50534,1
63943,1
65779,1
65526,1
25599,1
59218,1
4697,1
47083,1
24427,1
58051,1
52021,1
12242,1
63038,1
62561,1
51337,1
43731,1
57533,1
34639,1
66333,1
50084,1
62187,1
59105,1
42518,1
43794,1
60473,1
19863,1
34063,1
40735,1
50558,1
64490,1
51534,1
6599,1
23438,1
61306,1
61723,1
23028,1
38854,1
7342,1
55687,1
29773,1
64210,1
7341,1
65820,1
12095,1
21660,1
40025,1
38759,1
28313,1
62087,1
44120,1
46593,1
40122,1
38897,1
63541,1
33251,1
14643,1
43773,1
35272,1
36300,1
41943,1
61471,1
48226,1
37462,1
42336,1
46895,1
49338,1
48274,1
35709,1
27322,1
61676,1
12156,1
34838,1
5991,1
14216,1
51669,1
21811,1
35716,1
21810,1
28466,1
44845,1
47793,1
55999,1
4287,1
55158,1
66505,1
66483,1
65352,1
49162,1
45005,1
41417,1
66546,1
32145,1
65063,1
62454,1
17619,1
62421,1
12510,1
40754,1
28062,1
61148,1
25243,1
60234,1
61310,1
64191,1
66205,1
63927,1
33252,1
61663,1
30681,1
14642,1
22587,1
31289,1
39547,1
1938,1
54416,1
38386,1
39773,1
57366,1
21417,1
52243,1
62879,1
3033,1
20131,1
28713,1
62720,1
39556,1
8447,1
31497,1
16584,1
13115,1
50731,1
26176,1
20999,1
66435,1
28148,1
16166,1
2840,1
54704,1
65171,1
63948,1
14735,1
19104,1
18634,1
358,1
1439,1
31498,1
58279,1
65458,1
2187,1
45253,1
63189,1
64852,1
44856,1
45192,1
22906,1
66417,1
54727,1
26030,1
60070,1
64895,1
33695,1
60240,1
61090,1
64325,1
59929,1
52732,1
7192,1
66379,1
45825,1
61697,1
37039,1
58624,1
63091,1
56794,1
1971,1
49649,1
47428,1
45271,1
43343,1
9805,1
31668,1
49356,1
11770,1
15160,1
15590,1
64545,1
17495,1
66206,1
12298,1
65914,1
30812,1
61865,1
65862,1
56759,1
65720,1
55128,1
39156,1
50770,1
35647,1
11398,1
58099,1
59254,1
47693,1
42540,1
56487,1
32277,1
60159,1
23342,1
17899,1
58387,1
17538,1
53881,1
29907,1
20661,1
6124,1
24244,1
27640,1
21789,1
62727,1
49463,1
61861,1
66481,1
42816,1
7515,1
62273,1
26413,1
27448,1
53781,1
23822,1
25465,1
64314,1
31349,1
11243,1
63333,1
55928,1
44270,1
51123,1
8861,1
10479,1
10027,1
46763,1
63755,1
52306,1
14004,1
54061,1
53182,1
66540,1
58592,1
44284,1
56175,1
56937,1
16798,1
35372,1
43923,1
55748,1
55081,1
64924,1
60731,1
56357,1
24502,1
31629,1
19568,1
65539,1
33577,1
8131,1
1742,1
19566,1
13711,1
51770,1
66466,1
37758,1
11418,1
64285,1
62235,1
24941,1
60539,1
3822,1
61461,1
30003,1
41821,1
16094,1
31807,1
64144,1
64315,1
32801,1
58721,1
3663,1
25498,1
37181,1
24025,1
60287,1
29355,1
8470,1
22134,1
37579,1
30234,1
28780,1
53428,1
52609,1
62468,1
3768,1
16028,1
23207,1
15397,1
1535,1
48321,1
20377,1
66610,1
21524,1
17039,1
64026,1
7856,1
35908,1
63940,1
45171,1
65921,1
5913,1
47868,1
19025,1
60554,1
20605,1
25159,1
65650,1
53768,1
62940,1
59559,1
10694,1
31525,1
49906,1
254,1
6361,1
52577,1
66087,1
55983,1
64018,1
54204,1
52748,1
52003,1
6371,1
35065,1
26548,1
65190,1
22170,1
64971,1
61705,1
34993,1
64682,1
32956,1
29122,1
20110,1
66370,1
1324,1
3151,1
52291,1
51917,1
12690,1
43469,1
33495,1
44620,1
19178,1
63609,1
52947,1
9942,1
48663,1
44694,1
29001,1
47611,1
20561,1
3675,1
3267,1
52878,1
23490,1
51222,1
24814,1
54729,1
18367,1
24847,1
32344,1
8715,1
48462,1
14663,1
33645,1
15967,1
66143,1
55504,1
55753,1
24612,1
15295,1
66134,1
38201,1
280,1
62458,1
50316,1
17452,1
51906,1
66065,1
5835,1
66221,1
16174,1
49414,1
63440,1
37945,1
61110,1
29780,1
10004,1
59117,1
45636,1
62709,1
51094,1
41907,1
21141,1
6948,1
52604,1
63572,1
43595,1
38839,1
66237,1
22798,1
31597,1
59234,1
62650,1
55326,1
2608,1
32617,1
3632,1
64997,1
28200,1
13142,1
19669,1
36408,1
62610,1
18253,1
27825,1
40745,1
55335,1
45628,1
12615,1
60196,1
39637,1
47427,1
1662,1
40617,1
57766,1
42858,1
51924,1
62392,1
10029,1
10504,1
61010,1
39779,1
6600,1
44682,1
22516,1
39534,1
55568,1
64409,1
47341,1
63875,1
9244,1
64571,1
49082,1
63343,1
4263,1
63839,1
23278,1
58052,1
18144,1
12904,1
58135,1
53143,1
64897,1
33744,1
22994,1
2666,1
30658,1
14740,1
59246,1
61928,1
60421,1
50684,1
64775,1
59077,1
41751,1
47898,1
19429,1
66451,1
17928,1
65049,1
24376,1
49095,1
64720,1
8641,1
37912,1
10399,1
11411,1
58881,1
43533,1
42231,1
50567,1
16858,1
59352,1
21425,1
36959,1
39825,1
33983,1
43257,1
50353,1
9718,1
57359,1
16078,1
65021,1
51446,1
38093,1
51738,1
55615,1
64783,1
25377,1
76,1
32974,1
39682,1
6602,1
27297,1
18959,1
5936,1
3576,1
19916,1
65185,1
4869,1
56781,1
44759,1
9279,1
29080,1
5898,1
4670,1
26591,1
12845,1
42795,1
66550,1
2987,1
4745,1
60487,1
12460,1
30740,1
19966,1
29329,1
7671,1
30165,1
18973,1
12676,1
55290,1
56117,1
20120,1
61295,1
43916,1
19054,1
34093,1
63766,1
4234,1
14794,1
36568,1
58343,1
44079,1
28878,1
50683,1
818,1
3424,1
17318,1
22557,1
7640,1
37420,1
46873,1
39797,1
13028,1
35578,1
27767,1
30643,1
55446,1
24178,1
57425,1
38781,1
64660,1
30051,1
23972,1
55667,1
23636,1
19374,1
17252,1
60876,1
50443,1
62314,1
19126,1
17259,1
64372,1
38816,1
12657,1
60289,1
48211,1
58466,1
37133,1
29045,1
64896,1
60618,1
6672,1
37481,1
42281,1
53148,1
22561,1
45211,1
22871,1
22589,1
37009,1
66564,1
47548,1
1432,1
32682,1
28613,1
11103,1
63819,1
10254,1
13740,1
16366,1
43221,1
4421,1
5217,1
774,1
10156,1
60199,1
47092,1
18436,1
28073,1
44211,1
11606,1
20293,1
46374,1
64700,1
62922,1
40231,1
9288,1
11702,1
21213,1
56952,1
64123,1
66258,1
29670,1
3586,1
38273,1
1850,1
33486,1
62066,1
1122,1
29456,1
2759,1
6727,1
51823,1
63413,1
44112,1
19081,1
51638,1
47318,1
31735,1
20356,1
9588,1
43946,1
8736,1
33137,1
45698,1
55436,1
13941,1
7190,1
54737,1
35425,1
54858,1
56551,1
29261,1
64274,1
65846,1
58991,1
50669,1
59581,1
17652,1
28976,1
49331,1
32011,1
14936,1
13453,1
32854,1
4701,1
36948,1
55480,1
50754,1
59330,1
14983,1
21491,1
16340,1
50806,1
54622,1
66252,1
47135,1
62078,1
6400,1
21896,1
56101,1
64467,1
21848,1
25427,1
6899,1
58167,1
1654,1
12875,1
60154,1
15443,1
58916,1
66119,1
63857,1
51928,1
29089,1
26118,1
64760,1
58111,1
28860,1
53526,1
65923,1
59959,1
24721,1
41419,1
29268,1
43907,1
52598,1
37986,1
55269,1
48323,1
66180,1
16653,1
49727,1
36708,1
41995,1
44486,1
40762,1
51035,1
8262,1
45270,1
42650,1
51741,1
3320,1
58150,1
36411,1
13990,1
28979,1
64910,1
42681,1
40942,1
36451,1
23584,1
22491,1
38923,1
49289,1
45277,1
23725,1
18048,1
32526,1
10033,1
55881,1
63722,1
43639,1
2105,1
53144,1
5888,1
27582,1
64254,1
49115,1
65153,1
50188,1
23041,1
10933,1
46008,1
42915,1
65430,1
36471,1
65832,1
52716,1
62172,1
46981,1
66248,1
52781,1
46726,1
4493,1
57373,1
22751,1
34904,1
10959,1
66607,1
49533,1
65547,1
66594,1
60003,1
33131,1
62835,1
66456,1
65143,1
45546,1
52873,1
57864,1
41703,1
57038,1
25208,1
5097,1
61519,1
10896,1
46316,1
64673,1
19412,1
46178,1
57949,1
41927,1
63871,1
25244,1
51146,1
16709,1
49190,1
55956,1
29905,1
37805,1
40526,1
60683,1
40472,1
17934,1
52319,1
61950,1
43798,1
35932,1
49777,1
25703,1
28980,1
42887,1
26283,1
60475,1
61115,1
63542,1
13988,1
19136,1
5632,1
11156,1
65301,1
18068,1
50459,1
45577,1
5460,1
60001,1
3657,1
29292,1
9540,1
27547,1
55866,1
5923,1
4818,1
34608,1
27314,1
60281,1
58765,1
18917,1
14197,1
15556,1
35954,1
31252,1
7797,1
39754,1
21882,1
60625,1
64738,1
64564,1
17191,1
29490,1
66357,1
64060,1
7369,1
62052,1
65768,1
43687,1
35187,1
62536,1
9958,1
40191,1
54296,1
3397,1
21653,1
46759,1
31096,1
24021,1
9053,1
32381,1
50165,1
64600,1
47828,1
24852,1
17873,1
2449,1
2166,1
5808,1
14635,1
47281,1
1116,1
13440,1
1910,1
44264,1
45436,1
17100,1
43064,1
66487,1
61,1
47429,1
63,1
22183,1
5340,1
52925,1
12236,1
65828,1
1315,1
9385,1
65187,1
59175,1
66115,1
42440,1
7420,1
7018,1
63520,1
26650,1
42967,1
25956,1
54649,1
18852,1
23570,1
7162,1
58373,1
14845,1
58730,1
54989,1
49344,1
66171,1
46266,1
61479,1
16402,1
31043,1
28295,1
37092,1
23487,1
56241,1
28828,1
25484,1
28605,1
26495,1
1119,1
36622,1
54033,1
2692,1
16680,1
26649,1
60015,1
62773,1
49033,1
52626,1
65050,1
43195,1
55257,1
63042,1
9742,1
9756,1
10836,1
12524,1
13844,1
30249,1
55743,1
60327,1
46330,1
18497,1
61121,1
65246,1
11915,1
28283,1
12323,1
24827,1
28546,1
3773,1
56,1
6960,1
34779,1
14791,1
28686,1
21889,1
46294,1
46360,1
15339,1
24028,1
52309,1
9269,1
6876,1
61620,1
49296,1
63425,1
64153,1
43775,1
13643,1
17104,1
678,1
19977,1
55917,1
42770,1
649,1
12936,1
10909,1
32212,1
52238,1
38025,1
43816,1
52110,1
31273,1
2169,1
62966,1
33735,1
20622,1
59364,1
23025,1
58933,1
61211,1
4311,1
65764,1
35788,1
64691,1
39520,1
27501,1
53765,1
51624,1
29793,1
45709,1
66340,1
28237,1
42603,1
59189,1
52985,1
17234,1
15133,1
7796,1
15037,1
6615,1
16647,1
20644,1
62311,1
66600,1
42205,1
2094,1
59421,1
66498,1
48845,1
34991,1
41174,1
43526,1
41169,1
42972,1
16676,1
27246,1
38030,1
51706,1
33574,1
6023,1
66567,1
43877,1
35844,1
64193,1
65732,1
22302,1
58993,1
66609,1
3643,1
25165,1
33939,1
63071,1
51700,1
56611,1
48094,1
63977,1
52400,1
7468,1
34856,1
13624,1
10127,1
66589,1
5926,1
33942,1
16500,1
20362,1
61066,1
62161,1
54046,1
31642,1
57616,1
61391,1
65507,1
17438,1
65667,1
16675,1
34357,1
64698,1
15351,1
49036,1
40519,1
63919,1
63504,1
6736,1
38620,1
547,1
57562,1
16036,1
21656,1
29293,1
5472,1
12285,1
4794,1
38889,1
34926,1
57956,1
22647,1
25153,1
20579,1
37398,1
13479,1
54363,1
4886,1
20363,1
60918,1
47423,1
47914,1
20331,1
62918,1
61851,1
54685,1
49385,1
7542,1
26434,1
62750,1
66067,1
45022,1
34621,1
26435,1
49883,1
41789,1
63906,1
65528,1
10356,1
29924,1
18840,1
48949,1
38555,1
13823,1
4333,1
46815,1
51588,1
29206,1
30056,1
17460,1
65167,1
11853,1
60914,1
55489,1
18288,1
24035,1
24051,1
53475,1
9283,1
13738,1
850,1
10677,1
64272,1
42923,1
66295,1
54436,1
65480,1
19947,1
64872,1
35013,1
39009,1
60806,1
56942,1
61623,1
58775,1
61445,1
8761,1
15125,1
58960,1
35014,1
21933,1
19476,1
36146,1
64239,1
64832,1
60527,1
21192,1
12860,1
3039,1
62341,1
7144,1
37901,1
52378,1
53504,1
54265,1
62972,1
29085,1
53390,1
20049,1
58302,1
63185,1
39060,1
20350,1
19628,1
1278,1
29185,1
56836,1
53455,1
40042,1
43490,1
36560,1
25692,1
64639,1
43826,1
13248,1
4920,1
10983,1
64054,1
18403,1
51040,1
66083,1
25650,1
33436,1
58267,1
63787,1
58118,1
44358,1
24120,1
66121,1
13172,1
26311,1
44529,1
62373,1
14521,1
4739,1
9399,1
15480,1
53537,1
13781,1
60505,1
55014,1
48661,1
55665,1
65943,1
62723,1
62238,1
65640,1
35359,1
65711,1
12492,1
7504,1
63929,1
12341,1
61478,1
61814,1
28807,1
27527,1
52370,1
44644,1
47422,1
47661,1
60408,1
56095,1
51898,1
65265,1
3982,1
20465,1
52699,1
64049,1
28689,1
50116,1
65207,1
59057,1
46051,1
20252,1
15486,1
51567,1
64081,1
49563,1
63567,1
56457,1
18639,1
43561,1
65107,1
47533,1
31540,1
6498,1
30907,1
46772,1
51897,1
29025,1
48270,1
25069,1
57207,1
32032,1
60593,1
24320,1
66002,1
45912,1
66229,1
31501,1
31276,1
18947,1
37268,1
62283,1
66488,1
12013,1
51930,1
63353,1
43843,1
59635,1
25337,1
31520,1
41357,1
57061,1
49071,1
47522,1
65891,1
32282,1
42543,1
18696,1
32412,1
52353,1
65037,1
25280,1
48238,1
47166,1
64265,1
63523,1
65192,1
24382,1
27168,1
14805,1
49953,1
64542,1
28437,1
36440,1
36600,1
1771,1
53006,1
39401,1
63846,1
61868,1
66339,1
35274,1
66074,1
46633,1
7626,1
23859,1
21575,1
42091,1
12326,1
29945,1
64472,1
53479,1
15030,1
34610,1
47925,1
23850,1
49766,1
57317,1
60725,1
28513,1
24263,1
45126,1
5720,1
6433,1
41292,1
25081,1
27860,1
6243,1
60036,1
6632,1
62012,1
25082,1
37457,1
25994,1
58198,1
50904,1
19062,1
63807,1
44295,1
58065,1
47614,1
47363,1
41320,1
47338,1
46869,1
52119,1
58805,1
60628,1
64134,1
25489,1
28260,1
9029,1
63209,1
47559,1
64238,1
38603,1
36693,1
37518,1
58348,1
42130,1
45490,1
51739,1
47903,1
11840,1
63945,1
5896,1
21928,1
59912,1
27359,1
22986,1
35175,1
15957,1
47122,1
39558,1
50402,1
65464,1
26333,1
23966,1
45343,1
48115,1
39376,1
59375,1
46654,1
47975,1
43408,1
41764,1
45556,1
52404,1
9764,1
28859,1
2697,1
66084,1
64652,1
37969,1
29300,1
44332,1
45291,1
15542,1
48357,1
40039,1
60368,1
51281,1
36968,1
16255,1
31145,1
36972,1
62519,1
10974,1
49324,1
12866,1
51568,1
54213,1
61556,1
50142,1
11138,1
15825,1
3058,1
52209,1
53095,1
66508,1
63976,1
47653,1
21101,1
46658,1
62097,1
29724,1
6102,1
45065,1
24332,1
51548,1
65152,1
38207,1
21408,1
64016,1
18943,1
36508,1
2412,1
65275,1
37031,1
61845,1
5905,1
24864,1
44743,1
57652,1
7781,1
6738,1
45854,1
43246,1
16181,1
62353,1
23693,1
36731,1
66331,1
43186,1
13488,1
64275,1
28027,1
34467,1
57014,1
43841,1
44773,1
33560,1
57881,1
12711,1
9987,1
28983,1
63488,1
7651,1
57108,1
28209,1
21581,1
24496,1
27994,1
233,1
16014,1
10534,1
59838,1
52389,1
4388,1
60606,1
12919,1
36321,1
21625,1
64618,1
39026,1
19416,1
15344,1
5381,1
61761,1
37443,1
8089,1
48693,1
63432,1
43078,1
368,1
27336,1
64445,1
22546,1
66585,1
58103,1
48207,1
12727,1
14803,1
51293,1
31118,1
22943,1
8041,1
43729,1
46513,1
65727,1
66605,1
38687,1
40857,1
4513,1
59580,1
40842,1
63287,1
63888,1
65899,1
45333,1
61565,1
47145,1
65763,1
62022,1
55668,1
50104,1
53391,1
52488,1
19773,1
48656,1
45784,1
27525,1
66315,1
18762,1
9365,1
62309,1
66006,1
43250,1
19355,1
64778,1
43434,1
62869,1
11164,1
9956,1
31391,1
14204,1
50455,1
38940,1
39621,1
42027,1
23310,1
45906,1
36349,1
39601,1
65270,1
23483,1
62573,1
61038,1
15905,1
31879,1
7951,1
62661,1
46521,1
60878,1
48413,1
39882,1
56329,1
15876,1
51837,1
15330,1
47430,1
7274,1
53836,1
44671,1
24041,1
36113,1
36801,1
33827,1
5417,1
32949,1
42823,1
28069,1
43212,1
1394,1
25425,1
26267,1
19616,1
36780,1
27148,1
24974,1
64697,1
60151,1
46774,1
56139,1
64046,1
22259,1
47180,1
66017,1
66502,1
23384,1
64432,1
64847,1
62993,1
60580,1
45933,1
65226,1
7073,1
56465,1
37141,1
21570,1
5812,1
61929,1
23618,1
20533,1
39628,1
63317,1
19343,1
45265,1
47370,1
63564,1
4600,1
60889,1
59369,1
42936,1
36302,1
17687,1
27611,1
26153,1
13851,1
56764,1
46350,1
23834,1
29113,1
19250,1
25478,1
62141,1
39919,1
34613,1
28996,1
21571,1
37858,1
42487,1
40882,1
41223,1
43740,1
58582,1
64143,1
56368,1
42613,1
48303,1
36419,1
26757,1
60254,1
63358,1
2397,1
26481,1
56562,1
61424,1
65973,1
12565,1
31585,1
4814,1
52367,1
64306,1
52366,1
64353,1
62489,1
45086,1
17171,1
46670,1
6837,1
14008,1
13828,1
43239,1
57551,1
4376,1
27535,1
16882,1
37485,1
16883,1
17268,1
50239,1
22437,1
36687,1
7794,1
33084,1
50491,1
62622,1
30072,1
40198,1
64151,1
8629,1
25832,1
7990,1
62371,1
65223,1
19428,1
66058,1
30896,1
30998,1
56582,1
29998,1
34995,1
57408,1
63259,1
65188,1
65530,1
65568,1
39300,1
28207,1
56704,1
42615,1
32765,1
20920,1
60252,1
16185,1
64979,1
51499,1
39052,1
23243,1
28734,1
48086,1
55372,1
30809,1
56790,1
58610,1
11540,1
66045,1
10973,1
4294,1
55582,1
17925,1
30683,1
58011,1
39329,1
52352,1
41457,1
19941,1
63270,1
64743,1
9056,1
37218,1
66216,1
65760,1
45672,1
60929,1
15989,1
50185,1
53371,1
66227,1
57558,1
17959,1
44751,1
58330,1
64348,1
52207,1
3938,1
3052,1
18455,1
9219,1
59532,1
22232,1
55592,1
428,1
32917,1
19083,1
40674,1
10088,1
60123,1
31544,1
30484,1
34227,1
59242,1
39203,1
29288,1
49489,1
25809,1
60771,1
38414,1
63264,1
42133,1
48780,1
62954,1
56106,1
53010,1
27925,1
51445,1
27891,1
29944,1
12703,1
60616,1
9932,1
50752,1
36858,1
51205,1
64737,1
58722,1
38668,1
60335,1
55241,1
63603,1
8649,1
25040,1
25737,1
50391,1
21866,1
35435,1
55217,1
20640,1
51565,1
61233,1
4637,1
28619,1
8237,1
1503,1
44129,1
15983,1
24996,1
7330,1
26885,1
24915,1
34870,1
58573,1
19665,1
20199,1
62343,1
58465,1
56791,1
16869,1
15772,1
48945,1
49833,1
66413,1
65035,1
10450,1
27931,1
18322,1
7721,1
25334,1
64495,1
63536,1
45012,1
3520,1
9997,1
37821,1
48298,1
15407,1
39359,1
56311,1
39206,1
35436,1
62756,1
44245,1
9474,1
61024,1
10776,1
16825,1
55226,1
51131,1
35402,1
12109,1
3083,1
38146,1
20591,1
52256,1
29145,1
59153,1
37401,1
34048,1
20811,1
65953,1
65611,1
65986,1
65571,1
38989,1
42201,1
9973,1
55095,1
6078,1
26599,1
29438,1
47686,1
62716,1
60568,1
569,1
49063,1
56818,1
66190,1
44887,1
65324,1
27076,1
64362,1
37130,1
58803,1
50349,1
49746,1
12217,1
59447,1
12924,1
12216,1
30250,1
10173,1
64344,1
30442,1
19339,1
17177,1
59161,1
25284,1
41,1
21385,1
30572,1
66539,1
64543,1
45427,1
48139,1
60090,1
47250,1
61175,1
63212,1
20157,1
51106,1
23872,1
43924,1
52754,1
57863,1
50325,1
38527,1
60726,1
64056,1
65825,1
29228,1
60807,1
38270,1
37116,1
27949,1
8006,1
29156,1
7521,1
12110,1
40806,1
66009,1
8460,1
27197,1
36595,1
39284,1
61326,1
64148,1
26178,1
66592,1
3607,1
66254,1
45932,1
28897,1
20434,1
32241,1
29039,1
28707,1
62144,1
55248,1
6877,1
48336,1
66568,1
14656,1
24767,1
33985,1
25141,1
42112,1
15541,1
36676,1
59144,1
43715,1
28827,1
19034,1
65955,1
30275,1
35829,1
47837,1
66527,1
59586,1
39324,1
43553,1
24766,1
46493,1
46229,1
7869,1
39697,1
42240,1
64241,1
43347,1
62117,1
45135,1
12264,1
37340,1
25631,1
8149,1
64541,1
31954,1
50466,1
59185,1
7674,1
32100,1
31082,1
1873,1
50998,1
66317,1
60582,1
24459,1
57787,1
425,1
66522,1
11032,1
29437,1
42755,1
26261,1
33438,1
28883,1
43654,1
42575,1
9507,1
63477,1
33171,1
38212,1
49455,1
4627,1
3528,1
38714,1
17174,1
56267,1
55589,1
16235,1
64277,1
12233,1
18231,1
56640,1
53917,1
64294,1
10204,1
34912,1
58216,1
50081,1
20045,1
55919,1
23264,1
24466,1
60944,1
64801,1
48021,1
20337,1
49902,1
58930,1
45785,1
66040,1
3157,1
45783,1
8098,1
64785,1
41451,1
17386,1
18830,1
15980,1
28746,1
14540,1
47275,1
64988,1
33630,1
66137,1
65647,1
59465,1
43949,1
66101,1
46235,1
63332,1
63483,1
43787,1
65991,1
64416,1
10166,1
50499,1
61627,1
56690,1
49000,1
64330,1
51085,1
50234,1
61215,1
45378,1
25362,1
7282,1
50214,1
25584,1
59436,1
64185,1
50561,1
6494,1
31280,1
46846,1
21682,1
1591,1
33708,1
23892,1
28918,1
29623,1
64637,1
33606,1
32599,1
16333,1
55501,1
10026,1
8090,1
29592,1
11368,1
45284,1
19099,1
57586,1
59401,1
54506,1
4008,1
14953,1
9842,1
50431,1
49941,1
52451,1
29598,1
54275,1
48765,1
42115,1
47471,1
63994,1
10335,1
56114,1
65783,1
42058,1
48451,1
59873,1
54607,1
35797,1
19372,1
60736,1
40030,1
38354,1
53270,1
64977,1
61203,1
46378,1
19403,1
65704,1
40544,1
4613,1
23717,1
17381,1
62851,1
24275,1
44893,1
47242,1
51456,1
41596,1
14785,1
16678,1
14188,1
12191,1
59283,1
44911,1
31413,1
14181,1
35089,1
55870,1
4335,1
1285,1
24479,1
53970,1
36024,1
18318,1
56792,1
27954,1
65348,1
31086,1
10434,1
64558,1
22001,1
24122,1
54031,1
24112,1
17929,1
9296,1
4911,1
18088,1
33654,1
17298,1
26898,1
55536,1
47603,1
9453,1
49588,1
19495,1
10515,1
6737,1
24270,1
34089,1
23572,1
33912,1
31285,1
10726,1
10725,1
6784,1
13022,1
40119,1
1181,1
9541,1
27763,1
1471,1
166,1
17817,1
50654,1
31697,1
41222,1
2314,1
21066,1
56453,1
23862,1
37260,1
13702,1
65264,1
37241,1
24339,1
54519,1
17872,1
51576,1
5391,1
48537,1
5581,1
6234,1
33165,1
27453,1
40891,1
42192,1
58078,1
47685,1
19525,1
23918,1
20928,1
48331,1
62537,1
58281,1
46698,1
30995,1
18508,1
43351,1
45769,1
50767,1
26032,1
34306,1
66431,1
33528,1
32138,1
14292,1
26068,1
61823,1
34499,1
55659,1
15862,1
41022,1
65455,1
55405,1
39512,1
64020,1
37817,1
14657,1
55707,1
57427,1
31626,1
66452,1
66272,1
34188,1
49218,1
10809,1
58016,1
49128,1
42513,1
66415,1
44221,1
1235,1
29733,1
44691,1
29038,1
65731,1
24501,1
49580,1
21793,1
44008,1
60391,1
13653,1
16658,1
61834,1
50900,1
23057,1
63698,1
43557,1
66263,1
63676,1
48393,1
63861,1
28579,1
64290,1
52769,1
25781,1
29674,1
42909,1
18316,1
65960,1
63319,1
49690,1
55075,1
46048,1
37884,1
11592,1
51697,1
66486,1
13755,1
65393,1
55749,1
63459,1
51251,1
13948,1
59875,1
13904,1
53698,1
17226,1
21771,1
12986,1
21773,1
50175,1
58361,1
46930,1
11301,1
17002,1
17001,1
66028,1
43286,1
51650,1
63269,1
22482,1
59795,1
62759,1
64936,1
47572,1
39622,1
47669,1
39619,1
52629,1
8732,1
65664,1
48829,1
6098,1
54389,1
58457,1
27568,1
17201,1
65613,1
38317,1
2152,1
39260,1
57049,1
32774,1
21991,1
55322,1
19759,1
30123,1
18076,1
34377,1
10910,1
66490,1
26942,1
30054,1
61088,1
23485,1
62061,1
19868,1
65404,1
15860,1
9983,1
10514,1
31164,1
58512,1
55868,1
52715,1
29560,1
19270,1
47775,1
50910,1
49030,1
57225,1
64361,1
48104,1
20810,1
61104,1
61964,1
56471,1
56817,1
48764,1
18106,1
56998,1
31527,1
48361,1
43848,1
64959,1
27040,1
45942,1
15356,1
8758,1
16523,1
49056,1
41173,1
64805,1
33157,1
59706,1
42596,1
64064,1
25282,1
60342,1
19341,1
26592,1
24911,1
32072,1
10922,1
9255,1
9262,1
20580,1
21533,1
60002,1
19565,1
49918,1
17701,1
3541,1
65790,1
14244,1
50009,1
52140,1
66100,1
53690,1
29766,1
60658,1
32521,1
58702,1
62986,1
47034,1
45856,1
33128,1
18426,1
65535,1
39311,1
6924,1
20315,1
59883,1
51344,1
8146,1
5670,1
65175,1
50270,1
28578,1
40349,1
36310,1
66092,1
15487,1
49492,1
59652,1
66602,1
31283,1
59839,1
10927,1
25876,1
29134,1
60050,1
63736,1
4119,1
62438,1
27824,1
36947,1
6352,1
55124,1
56140,1
63593,1
34143,1
56558,1
19843,1
26760,1
43088,1
53239,1
58741,1
62184,1
59059,1
51245,1
64232,1
50762,1
53337,1
12433,1
25357,1
8890,1
42509,1
49251,1
50880,1
64641,1
61780,1
25445,1
65834,1
51623,1
62136,1
38969,1
52951,1
60486,1
51552,1
2104,1
46052,1
20951,1
23763,1
66368,1
55227,1
53955,1
55367,1
13880,1
45238,1
65342,1
44075,1
66489,1
33411,1
56199,1
28997,1
63746,1
40403,1
66158,1
22725,1
42318,1
28999,1
54677,1
1359,1
45,1
49149,1
5135,1
22785,1
25144,1
19151,1
43658,1
49517,1
56760,1
60894,1
10560,1
41950,1
34877,1
37722,1
31408,1
32579,1
1877,1
45079,1
36293,1
982,1
55685,1
18670,1
30346,1
3948,1
35912,1
59313,1
5132,1
15463,1
14072,1
30869,1
41803,1
52236,1
56409,1
13006,1
49203,1
14770,1
54118,1
65967,1
11864,1
14234,1
38793,1
44906,1
54841,1
42477,1
33817,1
12423,1
56811,1
62707,1
48315,1
32199,1
18275,1
42056,1
3420,1
62678,1
47377,1
37672,1
37011,1
64404,1
53509,1
45029,1
63314,1
25468,1
42071,1
65940,1
36334,1
65675,1
54356,1
10885,1
64366,1
62796,1
64521,1
934,1
66144,1
64684,1
45550,1
46389,1
6834,1
20230,1
20231,1
54085,1
66576,1
26590,1
4151,1
61573,1
58704,1
62081,1
60177,1
50020,1
13024,1
61297,1
47934,1
48421,1
48188,1
34333,1
66558,1
38809,1
19884,1
54665,1
2592,1
30550,1
21357,1
48437,1
65863,1
32770,1
2088,1
4139,1
42429,1
49100,1
14476,1
44328,1
59577,1
3987,1
50946,1
32722,1
64561,1
53664,1
36337,1
65567,1
29172,1
64762,1
57625,1
50968,1
49632,1
21917,1
13942,1
34806,1
36741,1
22803,1
20364,1
46394,1
48328,1
50441,1
17988,1
63634,1
65734,1
66052,1
39836,1
50799,1
31940,1
60615,1
48013,1
64085,1
22217,1
19213,1
3824,1
54475,1
53980,1
37185,1
63790,1
9151,1
46398,1
55972,1
65328,1
46764,1
34959,1
53231,1
9023,1
54233,1
9802,1
16761,1
41376,1
54780,1
43188,1
56391,1
65472,1
46032,1
35145,1
27265,1
14314,1
64668,1
51731,1
59067,1
60793,1
23778,1
64513,1
64067,1
1864,1
52642,1
31747,1
64412,1
66335,1
2302,1
63463,1
48472,1
40855,1
31548,1
58401,1
33770,1
50858,1
57337,1
12179,1
62566,1
58314,1
29884,1
32608,1
9178,1
60226,1
40463,1
64692,1
53673,1
4442,1
47195,1
44314,1
58521,1
4447,1
44983,1
64464,1
41468,1
19112,1
13167,1
41820,1
52444,1
8448,1
66433,1
64010,1
61492,1
44298,1
66437,1
44367,1
43450,1
13126,1
23582,1
29858,1
49863,1
58322,1
54379,1
53464,1
57569,1
17531,1
5725,1
32723,1
57955,1
57710,1
66542,1
25981,1
34562,1
9627,1
47591,1
41336,1
61671,1
49778,1
9635,1
41199,1
26717,1
25777,1
28735,1
28190,1
13084,1
65513,1
64332,1
61797,1
25778,1
10277,1
7028,1
47939,1
19156,1
43551,1
6079,1
5767,1
26046,1
24805,1
48715,1
4449,1
49449,1
48089,1
18107,1
36817,1
28555,1
2059,1
2183,1
47969,1
39370,1
64044,1
28136,1
30690,1
27852,1
25969,1
49528,1
31077,1
9465,1
14807,1
6080,1
36823,1
4667,1
59915,1
63628,1
22205,1
59639,1
34248,1
11744,1
31165,1
62009,1
66613,1
55319,1
26917,1
37280,1
49994,1
36839,1
24647,1
63970,1
3213,1
66547,1
11738,1
29651,1
44955,1
65605,1
55133,1
45233,1
42835,1
63851,1
44424,1
62998,1
21157,1
22089,1
29932,1
60788,1
46415,1
64879,1
64140,1
22411,1
30256,1
55703,1
42578,1
32853,1
33289,1
14550,1
23222,1
45357,1
35206,1
44337,1
60924,1
6481,1
28147,1
65989,1
62659,1
5792,1
64374,1
59233,1
38992,1
47921,1
52691,1
36583,1
12767,1
44420,1
64438,1
35837,1
24267,1
58429,1
12523,1
43945,1
34472,1
10480,1
27916,1
59769,1
66001,1
3589,1
26559,1
31902,1
58275,1
9760,1
36526,1
40411,1
65752,1
5094,1
64207,1
53183,1
57845,1
49956,1
59244,1
60415,1
62971,1
44286,1
20616,1
36966,1
17463,1
41620,1
64497,1
22364,1
28992,1
61288,1
64284,1
60735,1
12058,1
21716,1
29069,1
56887,1
62440,1
22197,1
42377,1
39751,1
65644,1
17128,1
65423,1
41518,1
55063,1
6838,1
65821,1
62197,1
54188,1
48389,1
21721,1
66000,1
64341,1
65397,1
60551,1
38224,1
29302,1
56796,1
66388,1
28498,1
17412,1
41229,1
55094,1
24014,1
41233,1
46684,1
65360,1
55110,1
45899,1
63801,1
44782,1
45744,1
9165,1
49573,1
12201,1
31039,1
40732,1
51742,1
61316,1
59747,1
38848,1
61031,1
63776,1
1259,1
35251,1
45317,1
60666,1
52696,1
66294,1
55742,1
39917,1
35181,1
47065,1
16305,1
27083,1
49723,1
58475,1
39099,1
54359,1
13593,1
10081,1
44389,1
18735,1
51426,1
10074,1
45768,1
47936,1
27490,1
13357,1
50014,1
9418,1
62668,1
46717,1
42402,1
61500,1
20743,1
19013,1
66441,1
13361,1
25262,1
36753,1
28409,1
7009,1
65601,1
58363,1
31660,1
47502,1
20550,1
45764,1
6585,1
42168,1
38166,1
42401,1
16401,1
40364,1
46346,1
3738,1
44094,1
31128,1
60494,1
4260,1
5508,1
4315,1
15031,1
3628,1
54859,1
53028,1
60638,1
9947,1
34365,1
24923,1
12248,1
57197,1
39589,1
30240,1
51821,1
15931,1
39715,1
57147,1
43202,1
180,1
28933,1
25719,1
63903,1
62001,1
59272,1
30944,1
62375,1
40749,1
15771,1
10912,1
22406,1
3317,1
1865,1
16893,1
61237,1
6902,1
54615,1
15554,1
41097,1
39430,1
37344,1
64818,1
59340,1
38811,1
5868,1
43944,1
65454,1
36623,1
14966,1
49294,1
35302,1
53008,1
45607,1
61225,1
64771,1
65316,1
36624,1
50187,1
41373,1
4900,1
28050,1
33559,1
26448,1
53185,1
58874,1
24791,1
58554,1
49079,1
10993,1
16361,1
11136,1
44309,1
63505,1
20338,1
46556,1
44290,1
15224,1
16930,1
51100,1
60777,1
63160,1
51232,1
59207,1
40063,1
56067,1
52387,1
29691,1
63998,1
22420,1
25043,1
34440,1
41585,1
20583,1
35424,1
41339,1
58253,1
34231,1
30445,1
41554,1
40016,1
53227,1
32020,1
14997,1
19436,1
57173,1
46134,1
18462,1
57441,1
66233,1
39904,1
66123,1
36285,1
63068,1
1381,1
36282,1
65789,1
18490,1
14467,1
57223,1
41416,1
35218,1
44055,1
24136,1
24137,1
3642,1
50418,1
52755,1
48299,1
27869,1
21874,1
19589,1
29778,1
11089,1
29896,1
62181,1
43781,1
7,1
33998,1
14919,1
44044,1
14021,1
54300,1
26177,1
57555,1
6077,1
14934,1
41177,1
64557,1
64368,1
27881,1
30011,1
60047,1
59410,1
57645,1
6696,1
23628,1
66386,1
29326,1
20931,1
17301,1
48178,1
18139,1
182,1
12137,1
23156,1
12074,1
52165,1
51685,1
62017,1
59095,1
62216,1
56179,1
51785,1
66311,1
65622,1
20929,1
54668,1
65938,1
33214,1
2895,1
26745,1
7403,1
51122,1
37916,1
65300,1
33548,1
64854,1
17467,1
5382,1
14039,1
61989,1
29803,1
63237,1
44277,1
29103,1
11922,1
60149,1
47201,1
37451,1
63696,1
53307,1
41175,1
10497,1
65959,1
44904,1
63201,1
66297,1
19121,1
25497,1
64033,1
33598,1
61216,1
54119,1
24634,1
25458,1
42077,1
45318,1
47524,1
23226,1
21127,1
16501,1
46821,1
25549,1
56420,1
2300,1
43131,1
21845,1
45585,1
44453,1
56450,1
29626,1
30832,1
54087,1
58526,1
10663,1
15521,1
32669,1
13066,1
61787,1
55458,1
43628,1
37324,1
61302,1
58320,1
46908,1
11230,1
42467,1
62955,1
21014,1
14299,1
37326,1
13668,1
31041,1
15089,1
27500,1
56566,1
54221,1
14819,1
24557,1
50049,1
59823,1
46526,1
8591,1
12543,1
41613,1
55777,1
42026,1
35491,1
38236,1
4533,1
45623,1
54596,1
16749,1
11429,1
59417,1
5577,1
4161,1
64037,1
10586,1
33304,1
16507,1
26544,1
14610,1
41410,1
37810,1
31441,1
17097,1
11942,1
47322,1
43964,1
66241,1
9751,1
19749,1
59636,1
64707,1
24198,1
50160,1
35731,1
5001,1
11846,1
43380,1
42600,1
48083,1
66129,1
36387,1
23261,1
47625,1
55116,1
15743,1
26542,1
59890,1
22005,1
51627,1
22003,1
53794,1
66283,1
57327,1
58319,1
15051,1
13694,1
33958,1
43648,1
64584,1
25124,1
46110,1
46464,1
42426,1
22087,1
25066,1
60902,1
63757,1
29231,1
14551,1
19531,1
49411,1
38534,1
66403,1
19529,1
6583,1
49216,1
30647,1
12568,1
8082,1
60784,1
64547,1
21301,1
66523,1
51402,1
61135,1
22962,1
43632,1
18111,1
46184,1
27895,1
65441,1
31679,1
42929,1
28721,1
46028,1
58810,1
32232,1
66212,1
37195,1
37203,1
3042,1
48665,1
43892,1
50199,1
48222,1
8626,1
66174,1
41083,1
7271,1
63747,1
21971,1
12579,1
8621,1
16931,1
55433,1
40171,1
29565,1
11568,1
21558,1
56108,1
44293,1
63723,1
36274,1
10146,1
17279,1
15182,1
53219,1
47534,1
26081,1
58681,1
58567,1
51598,1
30419,1
25481,1
15175,1
61821,1
15667,1
10649,1
56493,1
32074,1
66374,1
6323,1
5125,1
29632,1
17488,1
33445,1
28464,1
28465,1
7676,1
42677,1
59649,1
6879,1
7784,1
60115,1
50671,1
63495,1
4549,1
64967,1
43528,1
2200,1
31555,1
65243,1
64407,1
48273,1
31254,1
35386,1
715,1
6642,1
31343,1
18635,1
53830,1
60022,1
45874,1
55022,1
47271,1
23897,1
24624,1
11162,1
21048,1
34880,1
32594,1
11166,1
60757,1
44378,1
49445,1
34464,1
49897,1
48399,1
48545,1
60319,1
11323,1
63864,1
33437,1
32959,1
37103,1
26535,1
31307,1
64426,1
35227,1
13819,1
53127,1
50658,1
31305,1
55397,1
39426,1
40717,1
35885,1
58242,1
12808,1
36137,1
27556,1
16411,1
61553,1
19509,1
24993,1
55646,1
553,1
41385,1
62915,1
31641,1
48396,1
37626,1
61369,1
62895,1
14552,1
48759,1
6640,1
34345,1
43800,1
52094,1
12040,1
17026,1
41507,1
51716,1
10137,1
4696,1
